,"Discharge, cubic feet per second"
2009-08-01,59100
2009-08-02,59700
2009-08-03,56200
2009-08-04,51700
2009-08-05,52100
2009-08-06,54500
2009-08-07,57000
2009-08-08,57300
2009-08-09,54600
2009-08-10,53400
2009-08-11,52800
2009-08-12,49700
2009-08-13,46000
2009-08-14,42600
2009-08-15,41200
2009-08-16,42700
2009-08-17,45400
2009-08-18,48100
2009-08-19,49300
2009-08-20,47400
2009-08-21,45300
2009-08-22,42600
2009-08-23,40300
2009-08-24,38900
2009-08-25,38300
2009-08-26,37300
2009-08-27,35900
2009-08-28,36100
2009-08-29,37400
2009-08-30,39400
2009-08-31,41500
2009-09-01,41800
2009-09-02,42500
2009-09-03,43500
2009-09-04,41400
2009-09-05,38300
2009-09-06,36200
2009-09-07,35200
2009-09-08,34400
2009-09-09,33600
2009-09-10,32400
2009-09-11,31300
2009-09-12,30600
2009-09-13,30000
2009-09-14,29300
2009-09-15,28400
2009-09-16,27200
2009-09-17,25900
2009-09-18,25100
2009-09-19,25000
2009-09-20,25000
2009-09-21,24800
2009-09-22,24600
2009-09-23,24900
2009-09-24,24600
2009-09-25,23800
2009-09-26,23000
2009-09-27,22400
2009-09-28,21800
2009-09-29,21100
2009-09-30,20500
2009-10-01,19900
2009-10-02,19500
2009-10-03,19200
2009-10-04,19000
2009-10-05,18800
2009-10-06,18700
2009-10-07,18500
2009-10-08,18400
2009-10-09,18300
2009-10-10,18200
2009-10-11,18500
2009-10-12,18800
2009-10-13,19000
2009-10-14,19200
2009-10-15,18800
2009-10-16,18200
2009-10-17,17000
2009-10-18,15500
2009-10-19,14800
2009-10-20,14800
2009-10-21,14900
2009-10-22,15500
2009-10-23,15800
2009-10-24,15200
2009-10-25,14500
2009-10-26,12800
2009-10-27,12600
2009-10-28,13000
2009-10-29,12000
2009-10-30,11000
2009-10-31,10100
2009-11-01,9600
2009-11-02,8700
2009-11-03,7900
2009-11-04,8500
2009-11-05,9000
2009-11-06,9100
2009-11-07,9200
2009-11-08,9300
2009-11-09,9400
2009-11-10,9500
2009-11-11,9500
2009-11-12,9600
2009-11-13,9600
2009-11-14,9600
2009-11-15,9600
2009-11-16,9600
2009-11-17,9500
2009-11-18,9300
2009-11-19,9200
2009-11-20,9100
2009-11-21,9000
2009-11-22,8900
2009-11-23,8700
2009-11-24,8500
2009-11-25,8400
2009-11-26,8200
2009-11-27,8000
2009-11-28,7900
2009-11-29,7800
2009-11-30,7600
2009-12-01,7500
2009-12-02,7500
2009-12-03,7400
2009-12-04,7300
2009-12-05,7200
2009-12-06,7200
2009-12-07,7100
2009-12-08,7100
2009-12-09,7100
2009-12-10,7000
2009-12-11,6900
2009-12-12,6900
2009-12-13,6900
2009-12-14,6800
2009-12-15,6800
2009-12-16,6800
2009-12-17,6700
2009-12-18,6700
2009-12-19,6700
2009-12-20,6700
2009-12-21,6700
2009-12-22,6700
2009-12-23,6700
2009-12-24,6700
2009-12-25,6700
2009-12-26,6700
2009-12-27,6700
2009-12-28,6700
2009-12-29,6700
2009-12-30,6700
2009-12-31,6700
2010-01-01,6700
2010-01-02,6700
2010-01-03,6700
2010-01-04,6700
2010-01-05,6700
2010-01-06,6700
2010-01-07,6700
2010-01-08,6700
2010-01-09,6700
2010-01-10,6700
2010-01-11,6700
2010-01-12,6700
2010-01-13,6700
2010-01-14,6700
2010-01-15,6700
2010-01-16,6700
2010-01-17,6700
2010-01-18,6700
2010-01-19,6700
2010-01-20,6700
2010-01-21,6700
2010-01-22,6700
2010-01-23,6700
2010-01-24,6700
2010-01-25,6700
2010-01-26,6700
2010-01-27,6700
2010-01-28,6700
2010-01-29,6700
2010-01-30,6700
2010-01-31,6700
2010-02-01,6700
2010-02-02,6700
2010-02-03,6600
2010-02-04,6600
2010-02-05,6600
2010-02-06,6600
2010-02-07,6600
2010-02-08,6600
2010-02-09,6600
2010-02-10,6600
2010-02-11,6600
2010-02-12,6600
2010-02-13,6600
2010-02-14,6600
2010-02-15,6600
2010-02-16,6600
2010-02-17,6600
2010-02-18,6600
2010-02-19,6600
2010-02-20,6600
2010-02-21,6600
2010-02-22,6600
2010-02-23,6600
2010-02-24,6600
2010-02-25,6600
2010-02-26,6600
2010-02-27,6600
2010-02-28,6600
2010-03-01,6600
2010-03-02,6600
2010-03-03,6600
2010-03-04,6600
2010-03-05,6600
2010-03-06,6600
2010-03-07,6600
2010-03-08,6600
2010-03-09,6600
2010-03-10,6600
2010-03-11,6600
2010-03-12,6600
2010-03-13,6600
2010-03-14,6600
2010-03-15,6600
2010-03-16,6600
2010-03-17,6600
2010-03-18,6600
2010-03-19,6600
2010-03-20,6600
2010-03-21,6600
2010-03-22,6600
2010-03-23,6600
2010-03-24,6600
2010-03-25,6600
2010-03-26,6600
2010-03-27,6600
2010-03-28,6600
2010-03-29,6600
2010-03-30,6700
2010-03-31,6700
2010-04-01,6800
2010-04-02,6800
2010-04-03,6900
2010-04-04,6900
2010-04-05,7000
2010-04-06,7000
2010-04-07,7000
2010-04-08,7100
2010-04-09,7200
2010-04-10,7300
2010-04-11,7400
2010-04-12,7600
2010-04-13,7800
2010-04-14,8000
2010-04-15,8200
2010-04-16,8400
2010-04-17,8700
2010-04-18,9000
2010-04-19,9300
2010-04-20,9600
2010-04-21,10000
2010-04-22,10700
2010-04-23,11000
2010-04-24,11600
2010-04-25,12400
2010-04-26,13000
2010-04-27,14000
2010-04-28,15500
2010-04-29,17000
2010-04-30,19000
2010-05-01,21000
2010-05-02,23000
2010-05-03,24200
2010-05-04,24600
2010-05-05,25000
2010-05-06,24800
2010-05-07,23600
2010-05-08,22900
2010-05-09,22600
2010-05-10,21900
2010-05-11,21400
2010-05-12,20800
2010-05-13,20600
2010-05-14,20500
2010-05-15,19400
2010-05-16,18700
2010-05-17,18200
2010-05-18,17900
2010-05-19,18200
2010-05-20,19200
2010-05-21,20900
2010-05-22,23200
2010-05-23,24200
2010-05-24,24500
2010-05-25,24700
2010-05-26,26800
2010-05-27,30200
2010-05-28,31000
2010-05-29,31600
2010-05-30,31800
2010-05-31,32100
2010-06-01,34200
2010-06-02,35700
2010-06-03,35300
2010-06-04,36600
2010-06-05,39700
2010-06-06,42300
2010-06-07,43500
2010-06-08,42100
2010-06-09,43500
2010-06-10,47600
2010-06-11,46800
2010-06-12,43700
2010-06-13,44000
2010-06-14,51000
2010-06-15,54800
2010-06-16,52300
2010-06-17,47000
2010-06-18,42800
2010-06-19,39900
2010-06-20,38400
2010-06-21,38200
2010-06-22,38600
2010-06-23,41300
2010-06-24,42900
2010-06-25,42700
2010-06-26,43600
2010-06-27,46100
2010-06-28,47700
2010-06-29,49600
2010-06-30,51800
2010-07-01,55000
2010-07-02,56000
2010-07-03,59100
2010-07-04,61600
2010-07-05,64100
2010-07-06,66700
2010-07-07,66500
2010-07-08,64100
2010-07-09,62100
2010-07-10,61000
2010-07-11,61100
2010-07-12,60400
2010-07-13,60700
2010-07-14,64000
2010-07-15,65600
2010-07-16,66000
2010-07-17,65600
2010-07-18,64600
2010-07-19,63000
2010-07-20,63900
2010-07-21,64700
2010-07-22,65800
2010-07-23,67100
2010-07-24,70600
2010-07-25,71800
2010-07-26,70800
2010-07-27,69600
2010-07-28,70100
2010-07-29,68900
2010-07-30,66400
2010-07-31,64200
2010-08-01,63800
2010-08-02,64300
2010-08-03,63900
2010-08-04,63800
2010-08-05,65200
2010-08-06,68000
2010-08-07,68700
2010-08-08,67400
2010-08-09,65000
2010-08-10,63200
2010-08-11,63800
2010-08-12,62200
2010-08-13,60400
2010-08-14,57700
2010-08-15,56300
2010-08-16,57900
2010-08-17,60300
2010-08-18,61900
2010-08-19,60900
2010-08-20,56400
2010-08-21,53100
2010-08-22,51500
2010-08-23,50700
2010-08-24,49000
2010-08-25,47100
2010-08-26,45600
2010-08-27,44700
2010-08-28,44900
2010-08-29,46400
2010-08-30,46900
2010-08-31,47100
2010-09-01,46800
2010-09-02,47100
2010-09-03,46700
2010-09-04,45700
2010-09-05,44500
2010-09-06,43700
2010-09-07,43200
2010-09-08,44300
2010-09-09,44800
2010-09-10,48500
2010-09-11,56400
2010-09-12,60000
2010-09-13,56000
2010-09-14,52800
2010-09-15,50700
2010-09-16,48300
2010-09-17,46700
2010-09-18,45600
2010-09-19,43900
2010-09-20,42300
2010-09-21,40500
2010-09-22,38800
2010-09-23,36700
2010-09-24,34700
2010-09-25,32400
2010-09-26,30300
2010-09-27,28600
2010-09-28,27100
2010-09-29,26100
2010-09-30,25600
2010-10-01,25400
2010-10-02,25300
2010-10-03,25000
2010-10-04,24400
2010-10-05,23900
2010-10-06,23200
2010-10-07,22700
2010-10-08,22200
2010-10-09,21900
2010-10-10,21200
2010-10-11,20700
2010-10-12,20400
2010-10-13,20100
2010-10-14,19600
2010-10-15,19500
2010-10-16,19200
2010-10-17,19000
2010-10-18,18600
2010-10-19,18200
2010-10-20,18000
2010-10-21,18000
2010-10-22,18000
2010-10-23,17900
2010-10-24,17100
2010-10-25,16100
2010-10-26,15500
2010-10-27,15700
2010-10-28,15700
2010-10-29,15500
2010-10-30,15500
2010-10-31,15200
2010-11-01,14000
2010-11-02,13000
2010-11-03,13200
2010-11-04,13300
2010-11-05,13500
2010-11-06,13900
2010-11-07,13200
2010-11-08,12800
2010-11-09,13000
2010-11-10,13000
2010-11-11,13000
2010-11-12,13000
2010-11-13,13000
2010-11-14,13000
2010-11-15,13000
2010-11-16,12600
2010-11-17,12300
2010-11-18,12000
2010-11-19,11700
2010-11-20,11700
2010-11-21,12100
2010-11-22,12600
2010-11-23,13000
2010-11-24,13800
2010-11-25,14000
2010-11-26,14200
2010-11-27,13600
2010-11-28,13000
2010-11-29,12000
2010-11-30,11000
2010-12-01,10000
2010-12-02,10000
2010-12-03,9800
2010-12-04,9800
2010-12-05,10000
2010-12-06,10000
2010-12-07,10000
2010-12-08,9800
2010-12-09,9600
2010-12-10,9600
2010-12-11,9400
2010-12-12,9400
2010-12-13,9200
2010-12-14,9200
2010-12-15,9000
2010-12-16,9000
2010-12-17,8800
2010-12-18,8800
2010-12-19,8600
2010-12-20,8600
2010-12-21,8400
2010-12-22,8400
2010-12-23,8200
2010-12-24,8200
2010-12-25,8000
2010-12-26,7800
2010-12-27,7800
2010-12-28,7600
2010-12-29,7400
2010-12-30,7400
2010-12-31,7400
2011-01-01,7300
2011-01-02,7300
2011-01-03,7300
2011-01-04,7300
2011-01-05,7200
2011-01-06,7200
2011-01-07,7200
2011-01-08,7200
2011-01-09,7200
2011-01-10,7200
2011-01-11,7200
2011-01-12,7200
2011-01-13,7100
2011-01-14,7100
2011-01-15,7100
2011-01-16,7100
2011-01-17,7100
2011-01-18,7100
2011-01-19,7100
2011-01-20,7100
2011-01-21,7000
2011-01-22,7000
2011-01-23,7000
2011-01-24,7000
2011-01-25,7000
2011-01-26,7000
2011-01-27,7000
2011-01-28,7000
2011-01-29,7000
2011-01-30,7000
2011-01-31,7000
2011-02-01,7000
2011-02-02,7000
2011-02-03,7000
2011-02-04,7000
2011-02-05,7000
2011-02-06,7000
2011-02-07,7000
2011-02-08,7000
2011-02-09,7000
2011-02-10,7000
2011-02-11,7000
2011-02-12,6900
2011-02-13,6900
2011-02-14,6900
2011-02-15,6900
2011-02-16,6900
2011-02-17,6900
2011-02-18,6900
2011-02-19,6900
2011-02-20,6800
2011-02-21,6800
2011-02-22,6800
2011-02-23,6800
2011-02-24,6800
2011-02-25,6800
2011-02-26,6800
2011-02-27,6800
2011-02-28,6700
2011-03-01,6700
2011-03-02,6700
2011-03-03,6700
2011-03-04,6700
2011-03-05,6700
2011-03-06,6700
2011-03-07,6700
2011-03-08,6700
2011-03-09,6700
2011-03-10,6600
2011-03-11,6600
2011-03-12,6600
2011-03-13,6600
2011-03-14,6600
2011-03-15,6600
2011-03-16,6600
2011-03-17,6500
2011-03-18,6500
2011-03-19,6500
2011-03-20,6500
2011-03-21,6500
2011-03-22,6500
2011-03-23,6500
2011-03-24,6500
2011-03-25,6500
2011-03-26,6500
2011-03-27,6600
2011-03-28,6600
2011-03-29,6600
2011-03-30,6600
2011-03-31,6600
2011-04-01,6600
2011-04-02,6600
2011-04-03,6600
2011-04-04,6700
2011-04-05,6700
2011-04-06,6700
2011-04-07,6800
2011-04-08,6800
2011-04-09,6900
2011-04-10,6900
2011-04-11,7000
2011-04-12,7000
2011-04-13,7100
2011-04-14,7100
2011-04-15,7200
2011-04-16,7300
2011-04-17,7400
2011-04-18,7600
2011-04-19,7800
2011-04-20,8000
2011-04-21,8500
2011-04-22,9000
2011-04-23,9500
2011-04-24,10000
2011-04-25,11000
2011-04-26,12500
2011-04-27,15000
2011-04-28,17500
2011-04-29,20000
2011-04-30,22500
2011-05-01,25500
2011-05-02,28000
2011-05-03,30000
2011-05-04,31500
2011-05-05,33000
2011-05-06,34000
2011-05-07,32300
2011-05-08,27900
2011-05-09,26100
2011-05-10,24800
2011-05-11,25000
2011-05-12,26100
2011-05-13,25500
2011-05-14,23500
2011-05-15,23500
2011-05-16,24400
2011-05-17,25100
2011-05-18,26800
2011-05-19,28500
2011-05-20,30200
2011-05-21,31400
2011-05-22,34500
2011-05-23,35500
2011-05-24,37700
2011-05-25,38700
2011-05-26,38700
2011-05-27,39900
2011-05-28,40800
2011-05-29,43000
2011-05-30,45700
2011-05-31,48300
2011-06-01,52200
2011-06-02,53100
2011-06-03,51000
2011-06-04,50500
2011-06-05,49100
2011-06-06,45500
2011-06-07,42300
2011-06-08,40600
2011-06-09,40600
2011-06-10,39800
2011-06-11,38800
2011-06-12,38900
2011-06-13,39100
2011-06-14,39200
2011-06-15,38700
2011-06-16,41800
2011-06-17,46800
2011-06-18,49300
2011-06-19,45500
2011-06-20,43900
2011-06-21,43200
2011-06-22,44000
2011-06-23,45900
2011-06-24,48700
2011-06-25,55300
2011-06-26,59500
2011-06-27,58800
2011-06-28,60600
2011-06-29,60500
2011-06-30,61600
2011-07-01,63200
2011-07-02,63400
2011-07-03,64400
2011-07-04,68500
2011-07-05,70100
2011-07-06,74700
2011-07-07,74800
2011-07-08,69500
2011-07-09,66800
2011-07-10,66000
2011-07-11,66600
2011-07-12,67200
2011-07-13,66900
2011-07-14,65500
2011-07-15,63900
2011-07-16,62600
2011-07-17,61800
2011-07-18,62000
2011-07-19,61300
2011-07-20,61400
2011-07-21,60400
2011-07-22,58800
2011-07-23,59600
2011-07-24,60900
2011-07-25,61300
2011-07-26,61000
2011-07-27,61200
2011-07-28,63400
2011-07-29,64500
2011-07-30,65600
2011-07-31,65100
2011-08-01,63800
2011-08-02,63000
2011-08-03,63600
2011-08-04,64700
2011-08-05,64800
2011-08-06,64100
2011-08-07,60000
2011-08-08,55700
2011-08-09,52100
2011-08-10,50300
2011-08-11,48700
2011-08-12,47700
2011-08-13,49500
2011-08-14,50700
2011-08-15,51700
2011-08-16,53100
2011-08-17,55400
2011-08-18,57700
2011-08-19,56800
2011-08-20,55300
2011-08-21,56500
2011-08-22,59000
2011-08-23,61500
2011-08-24,61400
2011-08-25,60800
2011-08-26,59200
2011-08-27,55300
2011-08-28,51400
2011-08-29,48800
2011-08-30,46900
2011-08-31,45800
2011-09-01,44700
2011-09-02,44400
2011-09-03,43500
2011-09-04,42400
2011-09-05,40800
2011-09-06,39200
2011-09-07,37400
2011-09-08,35700
2011-09-09,34300
2011-09-10,33200
2011-09-11,32200
2011-09-12,31500
2011-09-13,31100
2011-09-14,30500
2011-09-15,30100
2011-09-16,30100
2011-09-17,31300
2011-09-18,32800
2011-09-19,31900
2011-09-20,30400
2011-09-21,29400
2011-09-22,28500
2011-09-23,27900
2011-09-24,27100
2011-09-25,26600
2011-09-26,25900
2011-09-27,25200
2011-09-28,24500
2011-09-29,24000
2011-09-30,23500
2011-10-01,22900
2011-10-02,22400
2011-10-03,22000
2011-10-04,21700
2011-10-05,21400
2011-10-06,21200
2011-10-07,20900
2011-10-08,20500
2011-10-09,20200
2011-10-10,19700
2011-10-11,19400
2011-10-12,18900
2011-10-13,18300
2011-10-14,17900
2011-10-15,17900
2011-10-16,17900
2011-10-17,17900
2011-10-18,17800
2011-10-19,17600
2011-10-20,17200
2011-10-21,16800
2011-10-22,16000
2011-10-23,15000
2011-10-24,14000
2011-10-25,13000
2011-10-26,13100
2011-10-27,13300
2011-10-28,12800
2011-10-29,12100
2011-10-30,11600
2011-10-31,11000
2011-11-01,10700
2011-11-02,10300
2011-11-03,9900
2011-11-04,9700
2011-11-05,9800
2011-11-06,10000
2011-11-07,10300
2011-11-08,10500
2011-11-09,10800
2011-11-10,10900
2011-11-11,10900
2011-11-12,10800
2011-11-13,10700
2011-11-14,10400
2011-11-15,10100
2011-11-16,9900
2011-11-17,9800
2011-11-18,9600
2011-11-19,9400
2011-11-20,9300
2011-11-21,9200
2011-11-22,9000
2011-11-23,8900
2011-11-24,8800
2011-11-25,8700
2011-11-26,8700
2011-11-27,8600
2011-11-28,8400
2011-11-29,8300
2011-11-30,8200
2011-12-01,8200
2011-12-02,8100
2011-12-03,8100
2011-12-04,8000
2011-12-05,8000
2011-12-06,8000
2011-12-07,8000
2011-12-08,8000
2011-12-09,8000
2011-12-10,8100
2011-12-11,8100
2011-12-12,8100
2011-12-13,8100
2011-12-14,8100
2011-12-15,8100
2011-12-16,8100
2011-12-17,8000
2011-12-18,8000
2011-12-19,8000
2011-12-20,8000
2011-12-21,7900
2011-12-22,7900
2011-12-23,7900
2011-12-24,7900
2011-12-25,7800
2011-12-26,7800
2011-12-27,7800
2011-12-28,7700
2011-12-29,7700
2011-12-30,7600
2011-12-31,7600
2012-01-01,7600
2012-01-02,7500
2012-01-03,7500
2012-01-04,7500
2012-01-05,7400
2012-01-06,7400
2012-01-07,7400
2012-01-08,7400
2012-01-09,7300
2012-01-10,7300
2012-01-11,7300
2012-01-12,7200
2012-01-13,7200
2012-01-14,7200
2012-01-15,7100
2012-01-16,7100
2012-01-17,7100
2012-01-18,7000
2012-01-19,7000
2012-01-20,7000
2012-01-21,6900
2012-01-22,6900
2012-01-23,6900
2012-01-24,6900
2012-01-25,6900
2012-01-26,6900
2012-01-27,6800
2012-01-28,6800
2012-01-29,6800
2012-01-30,6800
2012-01-31,6800
2012-02-01,6700
2012-02-02,6700
2012-02-03,6700
2012-02-04,6700
2012-02-05,6700
2012-02-06,6700
2012-02-07,6700
2012-02-08,6700
2012-02-09,6700
2012-02-10,6800
2012-02-11,6800
2012-02-12,6800
2012-02-13,6800
2012-02-14,6900
2012-02-15,6900
2012-02-16,6900
2012-02-17,6900
2012-02-18,6900
2012-02-19,7000
2012-02-20,7000
2012-02-21,7000
2012-02-22,7000
2012-02-23,7000
2012-02-24,7000
2012-02-25,7000
2012-02-26,7000
2012-02-27,7100
2012-02-28,7100
2012-02-29,7100
2012-03-01,7100
2012-03-02,7100
2012-03-03,7100
2012-03-04,7100
2012-03-05,7100
2012-03-06,7100
2012-03-07,7200
2012-03-08,7200
2012-03-09,7200
2012-03-10,7200
2012-03-11,7200
2012-03-12,7200
2012-03-13,7200
2012-03-14,7300
2012-03-15,7300
2012-03-16,7300
2012-03-17,7300
2012-03-18,7300
2012-03-19,7300
2012-03-20,7300
2012-03-21,7300
2012-03-22,7300
2012-03-23,7300
2012-03-24,7300
2012-03-25,7300
2012-03-26,7300
2012-03-27,7300
2012-03-28,7400
2012-03-29,7400
2012-03-30,7400
2012-03-31,7400
2012-04-01,7400
2012-04-02,7400
2012-04-03,7400
2012-04-04,7400
2012-04-05,7400
2012-04-06,7600
2012-04-07,7600
2012-04-08,7800
2012-04-09,8000
2012-04-10,8000
2012-04-11,8500
2012-04-12,9000
2012-04-13,9500
2012-04-14,10000
2012-04-15,11000
2012-04-16,13000
2012-04-17,16000
2012-04-18,19000
2012-04-19,21000
2012-04-20,24000
2012-04-21,27000
2012-04-22,30000
2012-04-23,34000
2012-04-24,37000
2012-04-25,40000
2012-04-26,45000
2012-04-27,39200
2012-04-28,34900
2012-04-29,31200
2012-04-30,30700
2012-05-01,30200
2012-05-02,28100
2012-05-03,27400
2012-05-04,26300
2012-05-05,23900
2012-05-06,22800
2012-05-07,21900
2012-05-08,21400
2012-05-09,21400
2012-05-10,21700
2012-05-11,21600
2012-05-12,21100
2012-05-13,20500
2012-05-14,20200
2012-05-15,20200
2012-05-16,20000
2012-05-17,19700
2012-05-18,19800
2012-05-19,20100
2012-05-20,20900
2012-05-21,21800
2012-05-22,22700
2012-05-23,23900
2012-05-24,25800
2012-05-25,29700
2012-05-26,35000
2012-05-27,43300
2012-05-28,52600
2012-05-29,53700
2012-05-30,54600
2012-05-31,47800
2012-06-01,39900
2012-06-02,37700
2012-06-03,41200
2012-06-04,43800
2012-06-05,44300
2012-06-06,47600
2012-06-07,48300
2012-06-08,47600
2012-06-09,49800
2012-06-10,53600
2012-06-11,56000
2012-06-12,59700
2012-06-13,67900
2012-06-14,70800
2012-06-15,65800
2012-06-16,62700
2012-06-17,59300
2012-06-18,54700
2012-06-19,52500
2012-06-20,53000
2012-06-21,53900
2012-06-22,55300
2012-06-23,56500
2012-06-24,58900
2012-06-25,61300
2012-06-26,61800
2012-06-27,61500
2012-06-28,61000
2012-06-29,59400
2012-06-30,59600
2012-07-01,61500
2012-07-02,61600
2012-07-03,65600
2012-07-04,72100
2012-07-05,74900
2012-07-06,75300
2012-07-07,75300
2012-07-08,71500
2012-07-09,68900
2012-07-10,63900
2012-07-11,58300
2012-07-12,57300
2012-07-13,57600
2012-07-14,55900
2012-07-15,53100
2012-07-16,50900
2012-07-17,49400
2012-07-18,47600
2012-07-19,47000
2012-07-20,47800
2012-07-21,49300
2012-07-22,56100
2012-07-23,63100
2012-07-24,68300
2012-07-25,68000
2012-07-26,64300
2012-07-27,60600
2012-07-28,59600
2012-07-29,58900
2012-07-30,58700
2012-07-31,59000
2012-08-01,56200
2012-08-02,54000
2012-08-03,53500
2012-08-04,53800
2012-08-05,52000
2012-08-06,49100
2012-08-07,47000
2012-08-08,46500
2012-08-09,44900
2012-08-10,42700
2012-08-11,41400
2012-08-12,41400
2012-08-13,41600
2012-08-14,41900
2012-08-15,42300
2012-08-16,43800
2012-08-17,44300
2012-08-18,44100
2012-08-19,42600
2012-08-20,41400
2012-08-21,42200
2012-08-22,42200
2012-08-23,40200
2012-08-24,38700
2012-08-25,38100
2012-08-26,37500
2012-08-27,38500
2012-08-28,40400
2012-08-29,40100
2012-08-30,38600
2012-08-31,36500
2012-09-01,36400
2012-09-02,36800
2012-09-03,36700
2012-09-04,35600
2012-09-05,34600
2012-09-06,34800
2012-09-07,34200
2012-09-08,32400
2012-09-09,30600
2012-09-10,29100
2012-09-11,28000
2012-09-12,26800
2012-09-13,25700
2012-09-14,24900
2012-09-15,24200
2012-09-16,23400
2012-09-17,25000
2012-09-18,27900
2012-09-19,29300
2012-09-20,29600
2012-09-21,37700
2012-09-22,59000
2012-09-23,69000
2012-09-24,60000
2012-09-25,52000
2012-09-26,44000
2012-09-27,39000
2012-09-28,35000
2012-09-29,33000
2012-09-30,31000
2012-10-01,29000
2012-10-02,27500
2012-10-03,26600
2012-10-04,25300
2012-10-05,24300
2012-10-06,24000
2012-10-07,24900
2012-10-08,28900
2012-10-09,33000
2012-10-10,31000
2012-10-11,29100
2012-10-12,25700
2012-10-13,25000
2012-10-14,23500
2012-10-15,22500
2012-10-16,21500
2012-10-17,20500
2012-10-18,19200
2012-10-19,18000
2012-10-20,17000
2012-10-21,15000
2012-10-22,13200
2012-10-23,12700
2012-10-24,12200
2012-10-25,12500
2012-10-26,13100
2012-10-27,13400
2012-10-28,13600
2012-10-29,13700
2012-10-30,13800
2012-10-31,13600
2012-11-01,13300
2012-11-02,13000
2012-11-03,12900
2012-11-04,12700
2012-11-05,12500
2012-11-06,12200
2012-11-07,11800
2012-11-08,11300
2012-11-09,11000
2012-11-10,10900
2012-11-11,10900
2012-11-12,10800
2012-11-13,10800
2012-11-14,10800
2012-11-15,10700
2012-11-16,10600
2012-11-17,10500
2012-11-18,10300
2012-11-19,10000
2012-11-20,9900
2012-11-21,9700
2012-11-22,9500
2012-11-23,9400
2012-11-24,9300
2012-11-25,9200
2012-11-26,8900
2012-11-27,8800
2012-11-28,8400
2012-11-29,8200
2012-11-30,8000
2012-12-01,7800
2012-12-02,7600
2012-12-03,7400
2012-12-04,7200
2012-12-05,7100
2012-12-06,7000
2012-12-07,6900
2012-12-08,6800
2012-12-09,6700
2012-12-10,6600
2012-12-11,6500
2012-12-12,6400
2012-12-13,6400
2012-12-14,6300
2012-12-15,6300
2012-12-16,6300
2012-12-17,6300
2012-12-18,6300
2012-12-19,6300
2012-12-20,6200
2012-12-21,6200
2012-12-22,6200
2012-12-23,6200
2012-12-24,6200
2012-12-25,6200
2012-12-26,6200
2012-12-27,6200
2012-12-28,6200
2012-12-29,6200
2012-12-30,6300
2012-12-31,6300
2013-01-01,6300
2013-01-02,6400
2013-01-03,6400
2013-01-04,6500
2013-01-05,6500
2013-01-06,6500
2013-01-07,6500
2013-01-08,6600
2013-01-09,6600
2013-01-10,6600
2013-01-11,6700
2013-01-12,6700
2013-01-13,6700
2013-01-14,6800
2013-01-15,6800
2013-01-16,6800
2013-01-17,6900
2013-01-18,6900
2013-01-19,6900
2013-01-20,7000
2013-01-21,7000
2013-01-22,7000
2013-01-23,7100
2013-01-24,7100
2013-01-25,7100
2013-01-26,7100
2013-01-27,7100
2013-01-28,7100
2013-01-29,7100
2013-01-30,7100
2013-01-31,7100
2013-02-01,7100
2013-02-02,7100
2013-02-03,7100
2013-02-04,7100
2013-02-05,7100
2013-02-06,7100
2013-02-07,7100
2013-02-08,7100
2013-02-09,7100
2013-02-10,7100
2013-02-11,7100
2013-02-12,7100
2013-02-13,7100
2013-02-14,7100
2013-02-15,7100
2013-02-16,7100
2013-02-17,7100
2013-02-18,7000
2013-02-19,7000
2013-02-20,7000
2013-02-21,7000
2013-02-22,6900
2013-02-23,6900
2013-02-24,6900
2013-02-25,6800
2013-02-26,6800
2013-02-27,6800
2013-02-28,6800
2013-03-01,6800
2013-03-02,6700
2013-03-03,6700
2013-03-04,6700
2013-03-05,6700
2013-03-06,6700
2013-03-07,6700
2013-03-08,6600
2013-03-09,6600
2013-03-10,6600
2013-03-11,6600
2013-03-12,6500
2013-03-13,6500
2013-03-14,6500
2013-03-15,6500
2013-03-16,6500
2013-03-17,6500
2013-03-18,6500
2013-03-19,6500
2013-03-20,6400
2013-03-21,6400
2013-03-22,6400
2013-03-23,6400
2013-03-24,6400
2013-03-25,6400
2013-03-26,6400
2013-03-27,6400
2013-03-28,6400
2013-03-29,6400
2013-03-30,6400
2013-03-31,6400
2013-04-01,6400
2013-04-02,6400
2013-04-03,6400
2013-04-04,6400
2013-04-05,6400
2013-04-06,6400
2013-04-07,6400
2013-04-08,6400
2013-04-09,6400
2013-04-10,6400
2013-04-11,6400
2013-04-12,6400
2013-04-13,6400
2013-04-14,6400
2013-04-15,6400
2013-04-16,6400
2013-04-17,6400
2013-04-18,6400
2013-04-19,6400
2013-04-20,6500
2013-04-21,6500
2013-04-22,6500
2013-04-23,6600
2013-04-24,6600
2013-04-25,6700
2013-04-26,6700
2013-04-27,6800
2013-04-28,6800
2013-04-29,6900
2013-04-30,6900
2013-05-01,7000
2013-05-02,7100
2013-05-03,7200
2013-05-04,7300
2013-05-05,7500
2013-05-06,7700
2013-05-07,7800
2013-05-08,8000
2013-05-09,8200
2013-05-10,8500
2013-05-11,9200
2013-05-12,10000
2013-05-13,11000
2013-05-14,13000
2013-05-15,15000
2013-05-16,17000
2013-05-17,20000
2013-05-18,25000
2013-05-19,28000
2013-05-20,30000
2013-05-21,28000
2013-05-22,26000
2013-05-23,29000
2013-05-24,31500
2013-05-25,42500
2013-05-26,53200
2013-05-27,65300
2013-05-28,74100
2013-05-29,80500
2013-05-30,88400
2013-05-31,89900
2013-06-01,88200
2013-06-02,88600
2013-06-03,88100
2013-06-04,80100
2013-06-05,75600
2013-06-06,74600
2013-06-07,78200
2013-06-08,75300
2013-06-09,67000
2013-06-10,63100
2013-06-11,60400
2013-06-12,58100
2013-06-13,55600
2013-06-14,51900
2013-06-15,49200
2013-06-16,49200
2013-06-17,51300
2013-06-18,55400
2013-06-19,60300
2013-06-20,61700
2013-06-21,60200
2013-06-22,58600
2013-06-23,58000
2013-06-24,56700
2013-06-25,53300
2013-06-26,52700
2013-06-27,55900
2013-06-28,60500
2013-06-29,62900
2013-06-30,63600
2013-07-01,63100
2013-07-02,64100
2013-07-03,62800
2013-07-04,59200
2013-07-05,55100
2013-07-06,52300
2013-07-07,50900
2013-07-08,50700
2013-07-09,50500
2013-07-10,49700
2013-07-11,49900
2013-07-12,51200
2013-07-13,50900
2013-07-14,49100
2013-07-15,48000
2013-07-16,47700
2013-07-17,48400
2013-07-18,49600
2013-07-19,52800
2013-07-20,56700
2013-07-21,61700
2013-07-22,65200
2013-07-23,65100
2013-07-24,62800
2013-07-25,62200
2013-07-26,62700
2013-07-27,64100
2013-07-28,63200
2013-07-29,62800
2013-07-30,64900
2013-07-31,66600
2013-08-01,66900
2013-08-02,67300
2013-08-03,67600
2013-08-04,67700
2013-08-05,67300
2013-08-06,64800
2013-08-07,62300
2013-08-08,61200
2013-08-09,60700
2013-08-10,59500
2013-08-11,58600
2013-08-12,60900
2013-08-13,63000
2013-08-14,62000
2013-08-15,60800
2013-08-16,59700
2013-08-17,58600
2013-08-18,58500
2013-08-19,59200
2013-08-20,62500
2013-08-21,63500
2013-08-22,65200
2013-08-23,65300
2013-08-24,65100
2013-08-25,62200
2013-08-26,57500
2013-08-27,49900
2013-08-28,44200
2013-08-29,41800
2013-08-30,41200
2013-08-31,42600
2013-09-01,42600
2013-09-02,41600
2013-09-03,41400
2013-09-04,44300
2013-09-05,50700
2013-09-06,53200
2013-09-07,52400
2013-09-08,51600
2013-09-09,54000
2013-09-10,53500
2013-09-11,52200
2013-09-12,53800
2013-09-13,53500
2013-09-14,51600
2013-09-15,47300
2013-09-16,43100
2013-09-17,40000
2013-09-18,37000
2013-09-19,34400
2013-09-20,32200
2013-09-21,30300
2013-09-22,28500
2013-09-23,27200
2013-09-24,25800
2013-09-25,24900
2013-09-26,24900
2013-09-27,25100
2013-09-28,25000
2013-09-29,24700
2013-09-30,24400
2013-10-01,23700
2013-10-02,23100
2013-10-03,22500
2013-10-04,22000
2013-10-05,21600
2013-10-06,21100
2013-10-07,20700
2013-10-08,20300
2013-10-09,20000
2013-10-10,20000
2013-10-11,19800
2013-10-12,19400
2013-10-13,19100
2013-10-14,19200
2013-10-15,19200
2013-10-16,19000
2013-10-17,19000
2013-10-18,19200
2013-10-19,19400
2013-10-20,19600
2013-10-21,19500
2013-10-22,19000
2013-10-23,18300
2013-10-24,17600
2013-10-25,16100
2013-10-26,16000
2013-10-27,15900
2013-10-28,15900
2013-10-29,16700
2013-10-30,17700
2013-10-31,17600
2013-11-01,17200
2013-11-02,16300
2013-11-03,15500
2013-11-04,14000
2013-11-05,13300
2013-11-06,11200
2013-11-07,10000
2013-11-08,9500
2013-11-09,9000
2013-11-10,9600
2013-11-11,10000
2013-11-12,11000
2013-11-13,11600
2013-11-14,11700
2013-11-15,11500
2013-11-16,11400
2013-11-17,11300
2013-11-18,11100
2013-11-19,10900
2013-11-20,10800
2013-11-21,10400
2013-11-22,10100
2013-11-23,9900
2013-11-24,9900
2013-11-25,9800
2013-11-26,9800
2013-11-27,9700
2013-11-28,9700
2013-11-29,9600
2013-11-30,9600
2013-12-01,9500
2013-12-02,9400
2013-12-03,9300
2013-12-04,9200
2013-12-05,9200
2013-12-06,9100
2013-12-07,9100
2013-12-08,9000
2013-12-09,9000
2013-12-10,9000
2013-12-11,9000
2013-12-12,9000
2013-12-13,9000
2013-12-14,8900
2013-12-15,8900
2013-12-16,8900
2013-12-17,8900
2013-12-18,8900
2013-12-19,8900
2013-12-20,8900
2013-12-21,8900
2013-12-22,8900
2013-12-23,8800
2013-12-24,8800
2013-12-25,8800
2013-12-26,8800
2013-12-27,8800
2013-12-28,8800
2013-12-29,8800
2013-12-30,8800
2013-12-31,8700
2014-01-01,8700
2014-01-02,8700
2014-01-03,8700
2014-01-04,8700
2014-01-05,8700
2014-01-06,8700
2014-01-07,8700
2014-01-08,8700
2014-01-09,8700
2014-01-10,8700
2014-01-11,8600
2014-01-12,8600
2014-01-13,8600
2014-01-14,8600
2014-01-15,8700
2014-01-16,8700
2014-01-17,8700
2014-01-18,8700
2014-01-19,8700
2014-01-20,8700
2014-01-21,8700
2014-01-22,8700
2014-01-23,8700
2014-01-24,8700
2014-01-25,8800
2014-01-26,9000
2014-01-27,9400
2014-01-28,9600
2014-01-29,9500
2014-01-30,9300
2014-01-31,9000
2014-02-01,8900
2014-02-02,8800
2014-02-03,8700
2014-02-04,8700
2014-02-05,8600
2014-02-06,8600
2014-02-07,8500
2014-02-08,8500
2014-02-09,8400
2014-02-10,8400
2014-02-11,8300
2014-02-12,8300
2014-02-13,8200
2014-02-14,8200
2014-02-15,8100
2014-02-16,8100
2014-02-17,8000
2014-02-18,8000
2014-02-19,7900
2014-02-20,7900
2014-02-21,7900
2014-02-22,7800
2014-02-23,7800
2014-02-24,7800
2014-02-25,7700
2014-02-26,7700
2014-02-27,7700
2014-02-28,7600
2014-03-01,7600
2014-03-02,7600
2014-03-03,7600
2014-03-04,7500
2014-03-05,7500
2014-03-06,7500
2014-03-07,7500
2014-03-08,7400
2014-03-09,7400
2014-03-10,7400
2014-03-11,7400
2014-03-12,7300
2014-03-13,7300
2014-03-14,7300
2014-03-15,7300
2014-03-16,7300
2014-03-17,7200
2014-03-18,7200
2014-03-19,7200
2014-03-20,7200
2014-03-21,7200
2014-03-22,7200
2014-03-23,7200
2014-03-24,7200
2014-03-25,7200
2014-03-26,7100
2014-03-27,7100
2014-03-28,7100
2014-03-29,7100
2014-03-30,7100
2014-03-31,7100
2014-04-01,7100
2014-04-02,7100
2014-04-03,7100
2014-04-04,7200
2014-04-05,7200
2014-04-06,7200
2014-04-07,7200
2014-04-08,7200
2014-04-09,7200
2014-04-10,7200
2014-04-11,7200
2014-04-12,7300
2014-04-13,7300
2014-04-14,7300
2014-04-15,7400
2014-04-16,7600
2014-04-17,8000
2014-04-18,9000
2014-04-19,12000
2014-04-20,14000
2014-04-21,17000
2014-04-22,20000
2014-04-23,22000
2014-04-24,25500
2014-04-25,28100
2014-04-26,28500
2014-04-27,31000
2014-04-28,34000
2014-04-29,40200
2014-04-30,35400
2014-05-01,29600
2014-05-02,29600
2014-05-03,31000
2014-05-04,33900
2014-05-05,38100
2014-05-06,41400
2014-05-07,41600
2014-05-08,39100
2014-05-09,37600
2014-05-10,37600
2014-05-11,34800
2014-05-12,32200
2014-05-13,30600
2014-05-14,30200
2014-05-15,29300
2014-05-16,28400
2014-05-17,27600
2014-05-18,28800
2014-05-19,29900
2014-05-20,30100
2014-05-21,28400
2014-05-22,26300
2014-05-23,24900
2014-05-24,24300
2014-05-25,23700
2014-05-26,23500
2014-05-27,23500
2014-05-28,23800
2014-05-29,24500
2014-05-30,25100
2014-05-31,26000
2014-06-01,27500
2014-06-02,27500
2014-06-03,27300
2014-06-04,27000
2014-06-05,28400
2014-06-06,30000
2014-06-07,30500
2014-06-08,31400
2014-06-09,32400
2014-06-10,32500
2014-06-11,33500
2014-06-12,34100
2014-06-13,33900
2014-06-14,32900
2014-06-15,32800
2014-06-16,35900
2014-06-17,38800
2014-06-18,40500
2014-06-19,44700
2014-06-20,55600
2014-06-21,69800
2014-06-22,73200
2014-06-23,66900
2014-06-24,63400
2014-06-25,59700
2014-06-26,64500
2014-06-27,77700
2014-06-28,83500
2014-06-29,76800
2014-06-30,69800
2014-07-01,68000
2014-07-02,79900
2014-07-03,97700
2014-07-04,101000
2014-07-05,96000
2014-07-06,87600
2014-07-07,83100
2014-07-08,82500
2014-07-09,80400
2014-07-10,77200
2014-07-11,74400
2014-07-12,74700
2014-07-13,73700
2014-07-14,72600
2014-07-15,71600
2014-07-16,69600
2014-07-17,69000
2014-07-18,70200
2014-07-19,69300
2014-07-20,68600
2014-07-21,67100
2014-07-22,64600
2014-07-23,61800
2014-07-24,60800
2014-07-25,60900
2014-07-26,61800
2014-07-27,59600
2014-07-28,55700
2014-07-29,53400
2014-07-30,51900
2014-07-31,51800
2014-08-01,52400
2014-08-02,54900
2014-08-03,58400
2014-08-04,63000
2014-08-05,66400
2014-08-06,65700
2014-08-07,65900
2014-08-08,64400
2014-08-09,61900
2014-08-10,60100
2014-08-11,57400
2014-08-12,55600
2014-08-13,55300
2014-08-14,56100
2014-08-15,56400
2014-08-16,56700
2014-08-17,57300
2014-08-18,56200
2014-08-19,54900
2014-08-20,55100
2014-08-21,55100
2014-08-22,53800
2014-08-23,52200
2014-08-24,50900
2014-08-25,49600
2014-08-26,47800
2014-08-27,47600
2014-08-28,47700
2014-08-29,47400
2014-08-30,47200
2014-08-31,45400
2014-09-01,42800
2014-09-02,44000
2014-09-03,47200
2014-09-04,49000
2014-09-05,48400
2014-09-06,45200
2014-09-07,41500
2014-09-08,38900
2014-09-09,37000
2014-09-10,35600
2014-09-11,34900
2014-09-12,34800
2014-09-13,34500
2014-09-14,34500
2014-09-15,36700
2014-09-16,41600
2014-09-17,44400
2014-09-18,43300
2014-09-19,40900
2014-09-20,39300
2014-09-21,39200
2014-09-22,39300
2014-09-23,37900
2014-09-24,35900
2014-09-25,33200
2014-09-26,31400
2014-09-27,30100
2014-09-28,28800
2014-09-29,27700
2014-09-30,27000
2014-10-01,26300
2014-10-02,25800
2014-10-03,25600
2014-10-04,25400
2014-10-05,24900
2014-10-06,24100
2014-10-07,22700
2014-10-08,22400
2014-10-09,22000
2014-10-10,21000
2014-10-11,20600
2014-10-12,20800
2014-10-13,20800
2014-10-14,20500
2014-10-15,20000
2014-10-16,19500
2014-10-17,18700
2014-10-18,18700
2014-10-19,18300
2014-10-20,17800
2014-10-21,17500
2014-10-22,17400
2014-10-23,17500
2014-10-24,17800
2014-10-25,17800
2014-10-26,17100
2014-10-27,15500
2014-10-28,13900
2014-10-29,12900
2014-10-30,12000
2014-10-31,11200
2014-11-01,10500
2014-11-02,10200
2014-11-03,10000
2014-11-04,10000
2014-11-05,9900
2014-11-06,9800
2014-11-07,9700
2014-11-08,9800
2014-11-09,10000
2014-11-10,10400
2014-11-11,10700
2014-11-12,10800
2014-11-13,10700
2014-11-14,10500
2014-11-15,10300
2014-11-16,10200
2014-11-17,10100
2014-11-18,10000
2014-11-19,9900
2014-11-20,9800
2014-11-21,9600
2014-11-22,9500
2014-11-23,9300
2014-11-24,9200
2014-11-25,9000
2014-11-26,8900
2014-11-27,8700
2014-11-28,8600
2014-11-29,8500
2014-11-30,8400
2014-12-01,8300
2014-12-02,8200
2014-12-03,8100
2014-12-04,8100
2014-12-05,8100
2014-12-06,8000
2014-12-07,8000
2014-12-08,8000
2014-12-09,7900
2014-12-10,7900
2014-12-11,7900
2014-12-12,7900
2014-12-13,7800
2014-12-14,7800
2014-12-15,7800
2014-12-16,7800
2014-12-17,7700
2014-12-18,7700
2014-12-19,7700
2014-12-20,7700
2014-12-21,7600
2014-12-22,7600
2014-12-23,7600
2014-12-24,7600
2014-12-25,7500
2014-12-26,7500
2014-12-27,7500
2014-12-28,7500
2014-12-29,7500
2014-12-30,7500
2014-12-31,7400
2015-01-01,7400
2015-01-02,7400
2015-01-03,7400
2015-01-04,7400
2015-01-05,7400
2015-01-06,7300
2015-01-07,7300
2015-01-08,7300
2015-01-09,7300
2015-01-10,7300
2015-01-11,7300
2015-01-12,7400
2015-01-13,7500
2015-01-14,7600
2015-01-15,7600
2015-01-16,7700
2015-01-17,7800
2015-01-18,7800
2015-01-19,7700
2015-01-20,7600
2015-01-21,7500
2015-01-22,7500
2015-01-23,7400
2015-01-24,7400
2015-01-25,7400
2015-01-26,7400
2015-01-27,7300
2015-01-28,7300
2015-01-29,7300
2015-01-30,7300
2015-01-31,7190
2015-02-01,7200
2015-02-02,7200
2015-02-03,7200
2015-02-04,7100
2015-02-05,7100
2015-02-06,7100
2015-02-07,7100
2015-02-08,7000
2015-02-09,7000
2015-02-10,7000
2015-02-11,7000
2015-02-12,7000
2015-02-13,7000
2015-02-14,7000
2015-02-15,7000
2015-02-16,7000
2015-02-17,7000
2015-02-18,7100
2015-02-19,7100
2015-02-20,7100
2015-02-21,7100
2015-02-22,7100
2015-02-23,7100
2015-02-24,7200
2015-02-25,7200
2015-02-26,7200
2015-02-27,7200
2015-02-28,7200
2015-03-01,7200
2015-03-02,7300
2015-03-03,7300
2015-03-04,7300
2015-03-05,7300
2015-03-06,7300
2015-03-07,7300
2015-03-08,7400
2015-03-09,7400
2015-03-10,7400
2015-03-11,7400
2015-03-12,7400
2015-03-13,7400
2015-03-14,7400
2015-03-15,7400
2015-03-16,7400
2015-03-17,7400
2015-03-18,7500
2015-03-19,7500
2015-03-20,7600
2015-03-21,7600
2015-03-22,7700
2015-03-23,7700
2015-03-24,7700
2015-03-25,7800
2015-03-26,7800
2015-03-27,7800
2015-03-28,7900
2015-03-29,7900
2015-03-30,7900
2015-03-31,8000
2015-04-01,8000
2015-04-02,8000
2015-04-03,8000
2015-04-04,8100
2015-04-05,8100
2015-04-06,8100
2015-04-07,8100
2015-04-08,8100
2015-04-09,8200
2015-04-10,8200
2015-04-11,8200
2015-04-12,8200
2015-04-13,8200
2015-04-14,8300
2015-04-15,8300
2015-04-16,8400
2015-04-17,8400
2015-04-18,8500
2015-04-19,8700
2015-04-20,9000
2015-04-21,9500
2015-04-22,10300
2015-04-23,10500
2015-04-24,11000
2015-04-25,11500
2015-04-26,13000
2015-04-27,15000
2015-04-28,17600
2015-04-29,19100
2015-04-30,20200
2015-05-01,21500
2015-05-02,22100
2015-05-03,22600
2015-05-04,22400
2015-05-05,23000
2015-05-06,24300
2015-05-07,24200
2015-05-08,25000
2015-05-09,26100
2015-05-10,28900
2015-05-11,31700
2015-05-12,33600
2015-05-13,32100
2015-05-14,30500
2015-05-15,30900
2015-05-16,32100
2015-05-17,32900
2015-05-18,32200
2015-05-19,31100
2015-05-20,30300
2015-05-21,30100
2015-05-22,30400
2015-05-23,30500
2015-05-24,31500
2015-05-25,33100
2015-05-26,34300
2015-05-27,35900
2015-05-28,37600
2015-05-29,37500
2015-05-30,38900
2015-05-31,39100
2015-06-01,39700
2015-06-02,39000
2015-06-03,37300
2015-06-04,36500
2015-06-05,37100
2015-06-06,36600
2015-06-07,33900
2015-06-08,31400
2015-06-09,29500
2015-06-10,28100
2015-06-11,27100
2015-06-12,26200
2015-06-13,25700
2015-06-14,25000
2015-06-15,24400
2015-06-16,24500
2015-06-17,25600
2015-06-18,27400
2015-06-19,29200
2015-06-20,30300
2015-06-21,31500
2015-06-22,33200
2015-06-23,35400
2015-06-24,37400
2015-06-25,40700
2015-06-26,43200
2015-06-27,45500
2015-06-28,47400
2015-06-29,48800
2015-06-30,50700
2015-07-01,50900
2015-07-02,53000
2015-07-03,60100
2015-07-04,62300
2015-07-05,59900
2015-07-06,54800
2015-07-07,53100
2015-07-08,54200
2015-07-09,56600
2015-07-10,56700
2015-07-11,53700
2015-07-12,52300
2015-07-13,52300
2015-07-14,52600
2015-07-15,55200
2015-07-16,56900
2015-07-17,56900
2015-07-18,56700
2015-07-19,59300
2015-07-20,61200
2015-07-21,59100
2015-07-22,58500
2015-07-23,57300
2015-07-24,56100
2015-07-25,55400
2015-07-26,55000
2015-07-27,55300
2015-07-28,59700
2015-07-29,60900
2015-07-30,60500
2015-07-31,60400
2015-08-01,58700
2015-08-02,57200
2015-08-03,56700
2015-08-04,56500
2015-08-05,54900
2015-08-06,56100
2015-08-07,58100
2015-08-08,58200
2015-08-09,55500
2015-08-10,54400
2015-08-11,57700
2015-08-12,58000
2015-08-13,53400
2015-08-14,49500
2015-08-15,47500
2015-08-16,46900
2015-08-17,46600
2015-08-18,46100
2015-08-19,47300
2015-08-20,49600
2015-08-21,49600
2015-08-22,48100
2015-08-23,47500
2015-08-24,49000
2015-08-25,50700
2015-08-26,50400
2015-08-27,54100
2015-08-28,60300
2015-08-29,66100
2015-08-30,66300
2015-08-31,61200
2015-09-01,55700
2015-09-02,51600
2015-09-03,48000
2015-09-04,45100
2015-09-05,42900
2015-09-06,41200
2015-09-07,40000
2015-09-08,38900
2015-09-09,37900
2015-09-10,37400
2015-09-11,37600
2015-09-12,37300
2015-09-13,36800
2015-09-14,36300
2015-09-15,35500
2015-09-16,35800
2015-09-17,36900
2015-09-18,36800
2015-09-19,35800
2015-09-20,34600
2015-09-21,33200
2015-09-22,32000
2015-09-23,30700
2015-09-24,29500
2015-09-25,28400
2015-09-26,27700
2015-09-27,27000
2015-09-28,27300
2015-09-29,29500
2015-09-30,32200
2015-10-01,34600
2015-10-02,35000
2015-10-03,33400
2015-10-04,32300
2015-10-05,32200
2015-10-06,32400
2015-10-07,32200
2015-10-08,31200
2015-10-09,29900
2015-10-10,28800
2015-10-11,27800
2015-10-12,26600
2015-10-13,25300
2015-10-14,24400
2015-10-15,23600
2015-10-16,22900
2015-10-17,22300
2015-10-18,22400
2015-10-19,22700
2015-10-20,22700
2015-10-21,22200
2015-10-22,21700
2015-10-23,21100
2015-10-24,20700
2015-10-25,20000
2015-10-26,19500
2015-10-27,19100
2015-10-28,18800
2015-10-29,18200
2015-10-30,18000
2015-10-31,17900
2015-11-01,16900
2015-11-02,13900
2015-11-03,13500
2015-11-04,13200
2015-11-05,12900
2015-11-06,12700
2015-11-07,12400
2015-11-08,12100
2015-11-09,11800
2015-11-10,11400
2015-11-11,11100
2015-11-12,10800
2015-11-13,10500
2015-11-14,10200
2015-11-15,9800
2015-11-16,9600
2015-11-17,9400
2015-11-18,9200
2015-11-19,9400
2015-11-20,9600
2015-11-21,9800
2015-11-22,10000
2015-11-23,10300
2015-11-24,10600
2015-11-25,10800
2015-11-26,11000
2015-11-27,11100
2015-11-28,11000
2015-11-29,10800
2015-11-30,10600
2015-12-01,10400
2015-12-02,10200
2015-12-03,10100
2015-12-04,10000
2015-12-05,9800
2015-12-06,9600
2015-12-07,9500
2015-12-08,9300
2015-12-09,9200
2015-12-10,9100
2015-12-11,9000
2015-12-12,8900
2015-12-13,8800
2015-12-14,8700
2015-12-15,8700
2015-12-16,8600
2015-12-17,8600
2015-12-18,8500
2015-12-19,8500
2015-12-20,8500
2015-12-21,8500
2015-12-22,8400
2015-12-23,8400
2015-12-24,8400
2015-12-25,8400
2015-12-26,8400
2015-12-27,8400
2015-12-28,8300
2015-12-29,8300
2015-12-30,8300
2015-12-31,8300
2016-01-01,8300
2016-01-02,8300
2016-01-03,8200
2016-01-04,8200
2016-01-05,8200
2016-01-06,8200
2016-01-07,8200
2016-01-08,8200
2016-01-09,8200
2016-01-10,8200
2016-01-11,8200
2016-01-12,8200
2016-01-13,8100
2016-01-14,8100
2016-01-15,8100
2016-01-16,8000
2016-01-17,8000
2016-01-18,8000
2016-01-19,7900
2016-01-20,7900
2016-01-21,7900
2016-01-22,7800
2016-01-23,7800
2016-01-24,7800
2016-01-25,7700
2016-01-26,7700
2016-01-27,7700
2016-01-28,7600
2016-01-29,7600
2016-01-30,7600
2016-01-31,7600
2016-02-01,7600
2016-02-02,7600
2016-02-03,7600
2016-02-04,7500
2016-02-05,7500
2016-02-06,7500
2016-02-07,7500
2016-02-08,7500
2016-02-09,7500
2016-02-10,7500
2016-02-11,7400
2016-02-12,7400
2016-02-13,7400
2016-02-14,7400
2016-02-15,7400
2016-02-16,7400
2016-02-17,7400
2016-02-18,7300
2016-02-19,7300
2016-02-20,7300
2016-02-21,7300
2016-02-22,7300
2016-02-23,7300
2016-02-24,7300
2016-02-25,7300
2016-02-26,7200
2016-02-27,7200
2016-02-28,7200
2016-02-29,7200
2016-03-01,7200
2016-03-02,7200
2016-03-03,7300
2016-03-04,7300
2016-03-05,7300
2016-03-06,7300
2016-03-07,7300
2016-03-08,7300
2016-03-09,7400
2016-03-10,7400
2016-03-11,7400
2016-03-12,7400
2016-03-13,7400
2016-03-14,7400
2016-03-15,7400
2016-03-16,7500
2016-03-17,7500
2016-03-18,7500
2016-03-19,7500
2016-03-20,7600
2016-03-21,7600
2016-03-22,7600
2016-03-23,7600
2016-03-24,7700
2016-03-25,7700
2016-03-26,7700
2016-03-27,7700
2016-03-28,7800
2016-03-29,7800
2016-03-30,7800
2016-03-31,7900
2016-04-01,7900
2016-04-02,8000
2016-04-03,8100
2016-04-04,8200
2016-04-05,8400
2016-04-06,8700
2016-04-07,9100
2016-04-08,9500
2016-04-09,10000
2016-04-10,10600
2016-04-11,11400
2016-04-12,12100
2016-04-13,12800
2016-04-14,13600
2016-04-15,14200
2016-04-16,14900
2016-04-17,15600
2016-04-18,16300
2016-04-19,17000
2016-04-20,17400
2016-04-21,17800
2016-04-22,17600
2016-04-23,17300
2016-04-24,17000
2016-04-25,16800
2016-04-26,17900
2016-04-27,19100
2016-04-28,20800
2016-04-29,21300
2016-04-30,21300
2016-05-01,21300
2016-05-02,20700
2016-05-03,20300
2016-05-04,20200
2016-05-05,20800
2016-05-06,21600
2016-05-07,20800
2016-05-08,20100
2016-05-09,19900
2016-05-10,20100
2016-05-11,20300
2016-05-12,20700
2016-05-13,21900
2016-05-14,23700
2016-05-15,26300
2016-05-16,29600
2016-05-17,32600
2016-05-18,33700
2016-05-19,33400
2016-05-20,30800
2016-05-21,29700
2016-05-22,29900
2016-05-23,30900
2016-05-24,32300
2016-05-25,31700
2016-05-26,30300
2016-05-27,28600
2016-05-28,27500
2016-05-29,27900
2016-05-30,28300
2016-05-31,27600
2016-06-01,27100
2016-06-02,27400
2016-06-03,28300
2016-06-04,29800
2016-06-05,31100
2016-06-06,33300
2016-06-07,34400
2016-06-08,34500
2016-06-09,33800
2016-06-10,33100
2016-06-11,33700
2016-06-12,35100
2016-06-13,37400
2016-06-14,40700
2016-06-15,43900
2016-06-16,41800
2016-06-17,39500
2016-06-18,39300
2016-06-19,41300
2016-06-20,44800
2016-06-21,46700
2016-06-22,47400
2016-06-23,45300
2016-06-24,44300
2016-06-25,45300
2016-06-26,46100
2016-06-27,47500
2016-06-28,48400
2016-06-29,48400
2016-06-30,49700
2016-07-01,51900
2016-07-02,57600
2016-07-03,61600
2016-07-04,68900
2016-07-05,72700
2016-07-06,72700
2016-07-07,72500
2016-07-08,71800
2016-07-09,70700
2016-07-10,68200
2016-07-11,66700
2016-07-12,66700
2016-07-13,67200
2016-07-14,67200
2016-07-15,69000
2016-07-16,71000
2016-07-17,74900
2016-07-18,76700
2016-07-19,76400
2016-07-20,80900
2016-07-21,86100
2016-07-22,90800
2016-07-23,94400
2016-07-24,96200
2016-07-25,96100
2016-07-26,93100
2016-07-27,90400
2016-07-28,87700
2016-07-29,85900
2016-07-30,88200
2016-07-31,92200
2016-08-01,93900
2016-08-02,92000
2016-08-03,88900
2016-08-04,88100
2016-08-05,87000
2016-08-06,85100
2016-08-07,84200
2016-08-08,87200
2016-08-09,91200
2016-08-10,91500
2016-08-11,87300
2016-08-12,80100
2016-08-13,76300
2016-08-14,76000
2016-08-15,77800
2016-08-16,73400
2016-08-17,67900
2016-08-18,64700
2016-08-19,63100
2016-08-20,60400
2016-08-21,57800
2016-08-22,57300
2016-08-23,58400
2016-08-24,59900
2016-08-25,61700
2016-08-26,65500
2016-08-27,67300
2016-08-28,68300
2016-08-29,66600
2016-08-30,63900
2016-08-31,59600
2016-09-01,55300
2016-09-02,51800
2016-09-03,48600
2016-09-04,45900
2016-09-05,43800
2016-09-06,44100
2016-09-07,44000
2016-09-08,44200
2016-09-09,42400
2016-09-10,40500
2016-09-11,39100
2016-09-12,37800
2016-09-13,38900
2016-09-14,46000
2016-09-15,48500
2016-09-16,47000
2016-09-17,43900
2016-09-18,41500
2016-09-19,39800
2016-09-20,37700
2016-09-21,35700
2016-09-22,34900
2016-09-23,35800
2016-09-24,36500
2016-09-25,34900
2016-09-26,33200
2016-09-27,31600
2016-09-28,30000
2016-09-29,28800
2016-09-30,27800
2016-10-01,27000
2016-10-02,26400
2016-10-03,25900
2016-10-04,25500
2016-10-05,24900
2016-10-06,24100
2016-10-07,23100
2016-10-08,22300
2016-10-09,21700
2016-10-10,21200
2016-10-11,20700
2016-10-12,20300
2016-10-13,20100
2016-10-14,19400
2016-10-15,18200
2016-10-16,17000
2016-10-17,15000
2016-10-18,13000
2016-10-19,12400
2016-10-20,12000
2016-10-21,11700
2016-10-22,11400
2016-10-23,11300
2016-10-24,11200
2016-10-25,11100
2016-10-26,11000
2016-10-27,10900
2016-10-28,11000
2016-10-29,11200
2016-10-30,11800
2016-10-31,12300
2016-11-01,12800
2016-11-02,13000
2016-11-03,13000
2016-11-04,12700
2016-11-05,12300
2016-11-06,11900
2016-11-07,11500
2016-11-08,11200
2016-11-09,10800
2016-11-10,10500
2016-11-11,10100
2016-11-12,9800
2016-11-13,9600
2016-11-14,9400
2016-11-15,9100
2016-11-16,8800
2016-11-17,8600
2016-11-18,8400
2016-11-19,8300
2016-11-20,8100
2016-11-21,8000
2016-11-22,7800
2016-11-23,7600
2016-11-24,7400
2016-11-25,7300
2016-11-26,7200
2016-11-27,7100
2016-11-28,6900
2016-11-29,6800
2016-11-30,6700
2016-12-01,6700
2016-12-02,6700
2016-12-03,6600
2016-12-04,6600
2016-12-05,6600
2016-12-06,6600
2016-12-07,6700
2016-12-08,6700
2016-12-09,6700
2016-12-10,6700
2016-12-11,6800
2016-12-12,6800
2016-12-13,6900
2016-12-14,7000
2016-12-15,7000
2016-12-16,7100
2016-12-17,7100
2016-12-18,7200
2016-12-19,7300
2016-12-20,7400
2016-12-21,7500
2016-12-22,7600
2016-12-23,7700
2016-12-24,7700
2016-12-25,7700
2016-12-26,7700
2016-12-27,7800
2016-12-28,7800
2016-12-29,7800
2016-12-30,7700
2016-12-31,7700
2017-01-01,7700
2017-01-02,7600
2017-01-03,7600
2017-01-04,7600
2017-01-05,7600
2017-01-06,7600
2017-01-07,7500
2017-01-08,7500
2017-01-09,7500
2017-01-10,7400
2017-01-11,7400
2017-01-12,7400
2017-01-13,7400
2017-01-14,7300
2017-01-15,7300
2017-01-16,7300
2017-01-17,7300
2017-01-18,7300
2017-01-19,7300
2017-01-20,7300
2017-01-21,7300
2017-01-22,7300
2017-01-23,7300
2017-01-24,7300
2017-01-25,7300
2017-01-26,7300
2017-01-27,7300
2017-01-28,7300
2017-01-29,7300
2017-01-30,7300
2017-01-31,7300
2017-02-01,7300
2017-02-02,7300
2017-02-03,7300
2017-02-04,7300
2017-02-05,7300
2017-02-06,7300
2017-02-07,7300
2017-02-08,7300
2017-02-09,7300
2017-02-10,7300
2017-02-11,7300
2017-02-12,7300
2017-02-13,7300
2017-02-14,7300
2017-02-15,7300
2017-02-16,7300
2017-02-17,7300
2017-02-18,7300
2017-02-19,7300
2017-02-20,7300
2017-02-21,7300
2017-02-22,7300
2017-02-23,7300
2017-02-24,7300
2017-02-25,7300
2017-02-26,7300
2017-02-27,7300
2017-02-28,7300
2017-03-01,7300
2017-03-02,7300
2017-03-03,7300
2017-03-04,7300
2017-03-05,7300
2017-03-06,7300
2017-03-07,7300
2017-03-08,7300
2017-03-09,7300
2017-03-10,7300
2017-03-11,7300
2017-03-12,7300
2017-03-13,7300
2017-03-14,7300
2017-03-15,7400
2017-03-16,7400
2017-03-17,7400
2017-03-18,7400
2017-03-19,7400
2017-03-20,7400
2017-03-21,7400
2017-03-22,7400
2017-03-23,7500
2017-03-24,7500
2017-03-25,7500
2017-03-26,7500
2017-03-27,7500
2017-03-28,7600
2017-03-29,7600
2017-03-30,7600
2017-03-31,7600
2017-04-01,7700
2017-04-02,7700
2017-04-03,7700
2017-04-04,7700
2017-04-05,7700
2017-04-06,7700
2017-04-07,7700
2017-04-08,7700
2017-04-09,7700
2017-04-10,7700
2017-04-11,7700
2017-04-12,7700
2017-04-13,7710
2017-04-14,7730
2017-04-15,7750
2017-04-16,7780
2017-04-17,7830
2017-04-18,7870
2017-04-19,7920
2017-04-20,7970
2017-04-21,8030
2017-04-22,8090
2017-04-23,8170
2017-04-24,8300
2017-04-25,8470
2017-04-26,8830
2017-04-27,9530
2017-04-28,10600
2017-04-29,12400
2017-04-30,15100
2017-05-01,19600
2017-05-02,24700
2017-05-03,29100
2017-05-04,31800
2017-05-05,31200
2017-05-06,29900
2017-05-07,30500
2017-05-08,32000
2017-05-09,33000
2017-05-10,35700
2017-05-11,37800
2017-05-12,39700
2017-05-13,40300
2017-05-14,38400
2017-05-15,38700
2017-05-16,42300
2017-05-17,44900
2017-05-18,42500
2017-05-19,37800
2017-05-20,34000
2017-05-21,30600
2017-05-22,28200
2017-05-23,27200
2017-05-24,26900
2017-05-25,28500
2017-05-26,27000
2017-05-27,25300
2017-05-28,23600
2017-05-29,22000
2017-05-30,21400
2017-05-31,21700
2017-06-01,21800
2017-06-02,21900
2017-06-03,22100
2017-06-04,22600
2017-06-05,23700
2017-06-06,25000
2017-06-07,25900
2017-06-08,26100
2017-06-09,26800
2017-06-10,29800
2017-06-11,35100
2017-06-12,42100
2017-06-13,50000
2017-06-14,53400
2017-06-15,50600
2017-06-16,45100
2017-06-17,41200
2017-06-18,38100
2017-06-19,36100
2017-06-20,36300
2017-06-21,37500
2017-06-22,37300
2017-06-23,39700
2017-06-24,41500
2017-06-25,41700
2017-06-26,44000
2017-06-27,46100
2017-06-28,45600
2017-06-29,47300
2017-06-30,48400
2017-07-01,47300
2017-07-02,46900
2017-07-03,47400
2017-07-04,50600
2017-07-05,56400
2017-07-06,62000
2017-07-07,66200
2017-07-08,68700
2017-07-09,68500
2017-07-10,70500
2017-07-11,69000
2017-07-12,65800
2017-07-13,68600
2017-07-14,70400
2017-07-15,71200
2017-07-16,69900
2017-07-17,68100
2017-07-18,67500
2017-07-19,66300
2017-07-20,65300
2017-07-21,63600
2017-07-22,62600
2017-07-23,61300
2017-07-24,61300
2017-07-25,63300
2017-07-26,65200
2017-07-27,63100
2017-07-28,61200
2017-07-29,62400
2017-07-30,62500
2017-07-31,63300
2017-08-01,64100
2017-08-02,63200
2017-08-03,62500
2017-08-04,63500
2017-08-05,66500
2017-08-06,66500
2017-08-07,65500
2017-08-08,64900
2017-08-09,65200
2017-08-10,62800
2017-08-11,60700
2017-08-12,59000
2017-08-13,57700
2017-08-14,59300
2017-08-15,61300
2017-08-16,63200
2017-08-17,63500
2017-08-18,62600
2017-08-19,56300
2017-08-20,48900
2017-08-21,45100
2017-08-22,43000
2017-08-23,41200
2017-08-24,39900
2017-08-25,39800
2017-08-26,39700
2017-08-27,38600
2017-08-28,39000
2017-08-29,39500
2017-08-30,39400
2017-08-31,40500
2017-09-01,41500
2017-09-02,40600
2017-09-03,38900
2017-09-04,35700
2017-09-05,33500
2017-09-06,33100
2017-09-07,33700
2017-09-08,33900
2017-09-09,32700
2017-09-10,31200
2017-09-11,30500
2017-09-12,30500
2017-09-13,30300
2017-09-14,29900
2017-09-15,29700
2017-09-16,29100
2017-09-17,28300
2017-09-18,27300
2017-09-19,26500
2017-09-20,26000
2017-09-21,25600
2017-09-22,25300
2017-09-23,25000
2017-09-24,25100
2017-09-25,25500
2017-09-26,25500
2017-09-27,25000
2017-09-28,24900
2017-09-29,25400
2017-09-30,26000
2017-10-01,26000
2017-10-02,25000
2017-10-03,24400
2017-10-04,24000
2017-10-05,24100
2017-10-06,25200
2017-10-07,25300
2017-10-08,24800
2017-10-09,24400
2017-10-10,24900
2017-10-11,25600
2017-10-12,25700
2017-10-13,26300
2017-10-14,25800
2017-10-15,25100
2017-10-16,24100
2017-10-17,23100
2017-10-18,22100
2017-10-19,20900
2017-10-20,18000
2017-10-21,14900
2017-10-22,12400
2017-10-23,11700
2017-10-24,11700
2017-10-25,12100
2017-10-26,13000
2017-10-27,13300
2017-10-28,13200
2017-10-29,12500
2017-10-30,11700
2017-10-31,11300
2017-11-01,10900
2017-11-02,10600
2017-11-03,10300
2017-11-04,10100
2017-11-05,9910
2017-11-06,9750
2017-11-07,9600
2017-11-08,9450
2017-11-09,9340
2017-11-10,9240
2017-11-11,9180
2017-11-12,9120
2017-11-13,9030
2017-11-14,8950
2017-11-15,8880
2017-11-16,8780
2017-11-17,8700
2017-11-18,8620
2017-11-19,8560
2017-11-20,8510
2017-11-21,8440
2017-11-22,8350
2017-11-23,8310
2017-11-24,8240
2017-11-25,8180
2017-11-26,8130
2017-11-27,8080
2017-11-28,8040
2017-11-29,8010
2017-11-30,7990
2017-12-01,7940
2017-12-02,7920
2017-12-03,7880
2017-12-04,7850
2017-12-05,7830
2017-12-06,7810
2017-12-07,7800
2017-12-08,7780
2017-12-09,7770
2017-12-10,7760
2017-12-11,7760
2017-12-12,7750
2017-12-13,7740
2017-12-14,7730
2017-12-15,7720
2017-12-16,7710
2017-12-17,7710
2017-12-18,7700
2017-12-19,7690
2017-12-20,7690
2017-12-21,7680
2017-12-22,7680
2017-12-23,7670
2017-12-24,7660
2017-12-25,7660
2017-12-26,7650
2017-12-27,7640
2017-12-28,7640
2017-12-29,7630
2017-12-30,7630
2017-12-31,7620
2018-01-01,7610
2018-01-02,7610
2018-01-03,7600
2018-01-04,7600
2018-01-05,7590
2018-01-06,7580
2018-01-07,7580
2018-01-08,7570
2018-01-09,7570
2018-01-10,7560
2018-01-11,7560
2018-01-12,7550
2018-01-13,7550
2018-01-14,7540
2018-01-15,7540
2018-01-16,7540
2018-01-17,7540
2018-01-18,7530
2018-01-19,7530
2018-01-20,7530
2018-01-21,7530
2018-01-22,7530
2018-01-23,7530
2018-01-24,7530
2018-01-25,7530
2018-01-26,7530
2018-01-27,7530
2018-01-28,7530
2018-01-29,7530
2018-01-30,7530
2018-01-31,7530
2018-02-01,7540
2018-02-02,7540
2018-02-03,7540
2018-02-04,7540
2018-02-05,7540
2018-02-06,7540
2018-02-07,7540
2018-02-08,7540
2018-02-09,7550
2018-02-10,7550
2018-02-11,7550
2018-02-12,7550
2018-02-13,7550
2018-02-14,7560
2018-02-15,7560
2018-02-16,7560
2018-02-17,7560
2018-02-18,7570
2018-02-19,7570
2018-02-20,7570
2018-02-21,7570
2018-02-22,7580
2018-02-23,7580
2018-02-24,7580
2018-02-25,7580
2018-02-26,7580
2018-02-27,7590
2018-02-28,7590
2018-03-01,7590
2018-03-02,7590
2018-03-03,7590
2018-03-04,7600
2018-03-05,7600
2018-03-06,7600
2018-03-07,7600
2018-03-08,7610
2018-03-09,7610
2018-03-10,7610
2018-03-11,7610
2018-03-12,7620
2018-03-13,7620
2018-03-14,7620
2018-03-15,7620
2018-03-16,7630
2018-03-17,7630
2018-03-18,7630
2018-03-19,7630
2018-03-20,7630
2018-03-21,7640
2018-03-22,7640
2018-03-23,7650
2018-03-24,7650
2018-03-25,7650
2018-03-26,7650
2018-03-27,7660
2018-03-28,7660
2018-03-29,7660
2018-03-30,7670
2018-03-31,7670
2018-04-01,7670
2018-04-02,7670
2018-04-03,7670
2018-04-04,7680
2018-04-05,7680
2018-04-06,7680
2018-04-07,7680
2018-04-08,7700
2018-04-09,7740
2018-04-10,7800
2018-04-11,7880
2018-04-12,7970
2018-04-13,8070
2018-04-14,8160
2018-04-15,8260
2018-04-16,8340
2018-04-17,8420
2018-04-18,8500
2018-04-19,8590
2018-04-20,8690
2018-04-21,8800
2018-04-22,8970
2018-04-23,9170
2018-04-24,9410
2018-04-25,9760
2018-04-26,10200
2018-04-27,10800
2018-04-28,11500
2018-04-29,12400
2018-04-30,13300
2018-05-01,14000
2018-05-02,14400
2018-05-03,14800
2018-05-04,15300
2018-05-05,16300
2018-05-06,18100
2018-05-07,20200
2018-05-08,22500
2018-05-09,25300
2018-05-10,29400
2018-05-11,37700
2018-05-12,48900
2018-05-13,51600
2018-05-14,46900
2018-05-15,39800
2018-05-16,36700
2018-05-17,35300
2018-05-18,34200
2018-05-19,33500
2018-05-20,35600
2018-05-21,39300
2018-05-22,41900
2018-05-23,46600
2018-05-24,49400
2018-05-25,49800
2018-05-26,49400
2018-05-27,47400
2018-05-28,45000
2018-05-29,43400
2018-05-30,42200
2018-05-31,40500
2018-06-01,39300
2018-06-02,39000
2018-06-03,39900
2018-06-04,41100
2018-06-05,42300
2018-06-06,44200
2018-06-07,46600
2018-06-08,47500
2018-06-09,47200
2018-06-10,48600
2018-06-11,51300
2018-06-12,51500
2018-06-13,48900
2018-06-14,45400
2018-06-15,42400
2018-06-16,41100
2018-06-17,41300
2018-06-18,43700
2018-06-19,47700
2018-06-20,51500
2018-06-21,52500
2018-06-22,54700
2018-06-23,55800
2018-06-24,54900
2018-06-25,54200
2018-06-26,53100
2018-06-27,52200
2018-06-28,51200
2018-06-29,51700
2018-06-30,52100
2018-07-01,53700
2018-07-02,60100
2018-07-03,66500
2018-07-04,67800
2018-07-05,67700
2018-07-06,67500
2018-07-07,66000
2018-07-08,64300
2018-07-09,65200
2018-07-10,69100
2018-07-11,70700
2018-07-12,68200
2018-07-13,63600
2018-07-14,60300
2018-07-15,57200
2018-07-16,53900
2018-07-17,51200
2018-07-18,50300
2018-07-19,49800
2018-07-20,48400
2018-07-21,48000
2018-07-22,49300
2018-07-23,51000
2018-07-24,52600
2018-07-25,53500
2018-07-26,54300
2018-07-27,55400
2018-07-28,57700
2018-07-29,59400
2018-07-30,58700
2018-07-31,57800
2018-08-01,58300
2018-08-02,59400
2018-08-03,60100
2018-08-04,59600
2018-08-05,58600
2018-08-06,63700
2018-08-07,75600
2018-08-08,87700
2018-08-09,88900
2018-08-10,79800
2018-08-11,68100
2018-08-12,61900
2018-08-13,60100
2018-08-14,62400
2018-08-15,64500
2018-08-16,65900
2018-08-17,63500
2018-08-18,61000
2018-08-19,58800
2018-08-20,56600
2018-08-21,53200
2018-08-22,54900
2018-08-23,64800
2018-08-24,71600
2018-08-25,71700
2018-08-26,67200
2018-08-27,63800
2018-08-28,63100
2018-08-29,64500
2018-08-30,63600
2018-08-31,63700
2018-09-01,63900
2018-09-02,63200
2018-09-03,60700
2018-09-04,60000
2018-09-05,59800
2018-09-06,56700
2018-09-07,54200
2018-09-08,51900
2018-09-09,49800
2018-09-10,47700
2018-09-11,45800
2018-09-12,44200
2018-09-13,42700
2018-09-14,41500
2018-09-15,41100
2018-09-16,40200
2018-09-17,39100
2018-09-18,38300
2018-09-19,37500
2018-09-20,37200
2018-09-21,37100
2018-09-22,36500
2018-09-23,36400
2018-09-24,36800
2018-09-25,37300
2018-09-26,38700
2018-09-27,39100
2018-09-28,38300
2018-09-29,36400
2018-09-30,34700
2018-10-01,32800
2018-10-02,31600
2018-10-03,30600
2018-10-04,29600
2018-10-05,28600
2018-10-06,27700
2018-10-07,27100
2018-10-08,26000
2018-10-09,25000
2018-10-10,23900
2018-10-11,23800
2018-10-12,23900
2018-10-13,23900
2018-10-14,23800
2018-10-15,23400
2018-10-16,23200
2018-10-17,23800
2018-10-18,24000
2018-10-19,23800
2018-10-20,23400
2018-10-21,23200
2018-10-22,22700
2018-10-23,22000
2018-10-24,21400
2018-10-25,21100
2018-10-26,20700
2018-10-27,20300
2018-10-28,19700
2018-10-29,18600
2018-10-30,17500
2018-10-31,15400
2018-11-01,11900
2018-11-02,10900
2018-11-03,10300
2018-11-04,9910
2018-11-05,9700
2018-11-06,9730
2018-11-07,10100
2018-11-08,10600
2018-11-09,11600
2018-11-10,12500
2018-11-11,13100
2018-11-12,13600
2018-11-13,14000
2018-11-14,14000
2018-11-15,14000
2018-11-16,13900
2018-11-17,13600
2018-11-18,13200
2018-11-19,12900
2018-11-20,12600
2018-11-21,12300
2018-11-22,11900
2018-11-23,11600
2018-11-24,11300
2018-11-25,11000
2018-11-26,10700
2018-11-27,10500
2018-11-28,10300
2018-11-29,10100
2018-11-30,9950
2018-12-01,9780
2018-12-02,9630
2018-12-03,9510
2018-12-04,9390
2018-12-05,9300
2018-12-06,9210
2018-12-07,9130
2018-12-08,9060
2018-12-09,8980
2018-12-10,8910
2018-12-11,8870
2018-12-12,8820
2018-12-13,8760
2018-12-14,8710
2018-12-15,8670
2018-12-16,8630
2018-12-17,8590
2018-12-18,8560
2018-12-19,8520
2018-12-20,8480
2018-12-21,8420
2018-12-22,8360
2018-12-23,8310
2018-12-24,8270
2018-12-25,8220
2018-12-26,8170
2018-12-27,8120
2018-12-28,8070
2018-12-29,8030
2018-12-30,7980
2018-12-31,7950
2019-01-01,7910
2019-01-02,7870
2019-01-03,7830
2019-01-04,7800
2019-01-05,7760
2019-01-06,7730
2019-01-07,7680
2019-01-08,7660
2019-01-09,7620
2019-01-10,7590
2019-01-11,7550
2019-01-12,7520
2019-01-13,7520
2019-01-14,7490
2019-01-15,7460
2019-01-16,7440
2019-01-17,7420
2019-01-18,7410
2019-01-19,7400
2019-01-20,7390
2019-01-21,7380
2019-01-22,7360
2019-01-23,7340
2019-01-24,7320
2019-01-25,7300
2019-01-26,7290
2019-01-27,7280
2019-01-28,7270
2019-01-29,7260
2019-01-30,7250
2019-01-31,7250
2019-02-01,7250
2019-02-02,7250
2019-02-03,7230
2019-02-04,7220
2019-02-05,7190
2019-02-06,7170
2019-02-07,7170
2019-02-08,7160
2019-02-09,7160
2019-02-10,7160
2019-02-11,7150
2019-02-12,7150
2019-02-13,7150
2019-02-14,7150
2019-02-15,7150
2019-02-16,7150
2019-02-17,7150
2019-02-18,7150
2019-02-19,7150
2019-02-20,7140
2019-02-21,7140
2019-02-22,7150
2019-02-23,7150
2019-02-24,7150
2019-02-25,7150
2019-02-26,7150
2019-02-27,7150
2019-02-28,7150
2019-03-01,7160
2019-03-02,7160
2019-03-03,7170
2019-03-04,7180
2019-03-05,7190
2019-03-06,7200
2019-03-07,7220
2019-03-08,7240
2019-03-09,7260
2019-03-10,7290
2019-03-11,7330
2019-03-12,7400
2019-03-13,7470
2019-03-14,7570
2019-03-15,7690
2019-03-16,7810
2019-03-17,7980
2019-03-18,8120
2019-03-19,8290
2019-03-20,8490
2019-03-21,8630
2019-03-22,8810
2019-03-23,8960
2019-03-24,9030
2019-03-25,9090
2019-03-26,9230
2019-03-27,9440
2019-03-28,9610
2019-03-29,9770
2019-03-30,9890
2019-03-31,9940
2019-04-01,9850
2019-04-02,9660
2019-04-03,9550
2019-04-04,9460
2019-04-05,9410
2019-04-06,9440
2019-04-07,9550
2019-04-08,9810
2019-04-09,10100
2019-04-10,10500
2019-04-11,10900
2019-04-12,11400
2019-04-13,12100
2019-04-14,12700
2019-04-15,13200
2019-04-16,13500
2019-04-17,13700
2019-04-18,13800
2019-04-19,13800
2019-04-20,13500
2019-04-21,13300
2019-04-22,13100
2019-04-23,13000
2019-04-24,12900
2019-04-25,12900
2019-04-26,13100
2019-04-27,13200
2019-04-28,13000
2019-04-29,12500
2019-04-30,12700
2019-05-01,13800
2019-05-02,14700
2019-05-03,15200
2019-05-04,15800
2019-05-05,15800
2019-05-06,15300
2019-05-07,14900
2019-05-08,15100
2019-05-09,16300
2019-05-10,17800
2019-05-11,20000
2019-05-12,20800
2019-05-13,19700
2019-05-14,19000
2019-05-15,19000
2019-05-16,19800
2019-05-17,21000
2019-05-18,22200
2019-05-19,22500
2019-05-20,22300
2019-05-21,22700
2019-05-22,22600
2019-05-23,22500
2019-05-24,23300
2019-05-25,24300
2019-05-26,26800
2019-05-27,28200
2019-05-28,30100
2019-05-29,30100
2019-05-30,29200
2019-05-31,28400
2019-06-01,29700
2019-06-02,34100
2019-06-03,38100
2019-06-04,41100
2019-06-05,38900
2019-06-06,34600
2019-06-07,31800
2019-06-08,30800
2019-06-09,30600
2019-06-10,31200
2019-06-11,32100
2019-06-12,32800
2019-06-13,33200
2019-06-14,34600
2019-06-15,35500
2019-06-16,36200
2019-06-17,36900
2019-06-18,38800
2019-06-19,40100
2019-06-20,41500
2019-06-21,43100
2019-06-22,45200
2019-06-23,47700
2019-06-24,51200
2019-06-25,53400
2019-06-26,53800
2019-06-27,52100
2019-06-28,52300
2019-06-29,53800
2019-06-30,57300
2019-07-01,61800
2019-07-02,64500
2019-07-03,65000
2019-07-04,62700
2019-07-05,61700
2019-07-06,64100
2019-07-07,65600
2019-07-08,65900
2019-07-09,66600
2019-07-10,67200
2019-07-11,66400
2019-07-12,67500
2019-07-13,68200
2019-07-14,66300
2019-07-15,63400
2019-07-16,64200
2019-07-17,65000
2019-07-18,62500
2019-07-19,61000
2019-07-20,61600
2019-07-21,61900
2019-07-22,60800
2019-07-23,60800
2019-07-24,62900
2019-07-25,66900
2019-07-26,68600
2019-07-27,67700
2019-07-28,66000
2019-07-29,63900
2019-07-30,63500
2019-07-31,64700
2019-08-01,64600
