uWind_80m,WD_ModActive,WD_Nacelle,WD_NacelleMod,LSSDW_Tq,LSSDW_My,LSSDW_Mz,TTTq,TT_ForeAft,TT_SideSide,TB_ForeAft,TB_SideSide,BL3_FlapMom,BL3_EdgeMom,BL1_FlapMom,BL1_EdgeMom,ActivePower,yawoffset
13.27089888,1,328.9917297,328.9463782,831.3647764,-10.1632848,237.27246,574.3099356,229.5502862,1131.521903,15980.69319,1998.094143,611.6510115,1298.839854,635.2641979,1024.827041,1400.840879,0.718376919
9.390389385,1,313.3847301,313.3790177,197.4559808,-13.33331809,229.3988768,533.1716606,-454.7120951,482.3161642,5908.812323,641.5917515,629.3815412,957.8560034,583.649418,761.3064207,214.4939692,4.449286214
13.57451339,1,282.479241,282.4965194,326.4596847,68.1298547,309.249554,520.2256371,18.0239342,482.8616926,9653.297361,1770.938244,621.2217628,1107.56197,607.513759,820.8648701,406.7468343,1.849477939
28.82367529,1,237.8815463,237.8293901,1122.619828,683.195897,494.3022101,1136.415068,1457.328804,1472.260474,17980.80636,7179.097077,1306.953624,1481.913126,1423.726241,1155.950061,1747.613757,0.242935857
21.46211092,1,240.4658124,240.4801678,1138.620127,271.2529223,348.1145423,966.2589054,902.2759653,1386.301668,19013.20232,4050.252445,105.2573229,1479.02483,16.29443961,1167.105632,1810.626069,0.357101505
19.00731368,1,264.2622106,264.2654792,1078.869907,489.5038742,285.2423111,788.8777412,1537.383369,1272.824648,20084.66255,3628.321021,-27.96214241,1462.004281,-52.31308671,1224.982728,1759.771644,0.26993383
18.70645403,1,241.3474902,241.3515181,1073.38222,141.8601311,333.3866351,879.6473544,698.9168317,1266.854724,17736.5156,3035.744961,-123.0073211,1425.866892,-148.1179879,1159.280609,1735.421614,0.768858566
16.08527777,1,243.9393557,243.7555147,991.3907339,437.3848796,334.4989113,892.1510308,1248.607338,1110.683985,19748.39692,3041.029041,280.9017404,1299.495832,202.1378889,1079.156954,1666.034288,0.389131919
19.48803665,1,213.3269407,213.300308,1094.680738,80.16533911,357.5061479,1054.168008,387.6779228,1299.076987,18367.75787,2831.1616,-299.3433614,1371.05314,-322.8054363,1085.750411,1764.513283,0.39954861
16.49198202,1,223.3737705,223.1845494,1074.956528,120.8169555,318.3223351,881.357763,385.8672784,1349.562827,17228.9933,2450.605808,-353.2430706,1388.425578,-368.4020043,1112.253476,1744.992228,0.346781078
17.2489159,1,205.1841204,205.2486668,1084.242764,79.4761438,267.1224875,797.8426413,251.8059849,1282.498053,16950.94843,2008.733838,-270.5892838,1261.956633,-329.7242415,1073.792494,1741.495099,0.270851434
11.78834953,1,222.0959502,222.0081581,694.9568864,126.1573443,259.2570927,728.777523,247.8214722,837.0375537,14786.64407,1346.082881,-660.2084571,1245.154485,-750.6046411,1038.122296,1174.479904,0.312843093
13.77300826,1,213.9333871,213.9850114,999.7732647,33.0842852,244.6678563,632.9061739,195.6288666,1202.880835,17291.81656,2054.195929,-351.3131265,1331.30247,-427.4220421,1106.313536,1696.287652,0.273752406
16.88686937,1,222.9154923,222.9435398,1068.001324,75.20974119,201.2333479,584.3069788,407.0303903,1344.10936,16744.55031,2681.215614,-604.9337947,1363.971096,-656.2092246,1136.313505,1741.446915,0.356975
16.55331389,1,198.6575359,198.6477271,1096.612165,77.1506844,271.9342292,722.0538479,464.9391751,1413.563046,16849.82852,2287.425473,-564.4578005,1357.600969,-551.6223524,1153.793077,1759.798747,0.336045176
15.29238573,1,221.3250943,221.5280876,1072.433731,152.2808606,386.5550987,1024.324327,557.8674794,1390.839124,16324.62332,2038.789609,-541.196978,1364.91688,-583.6251353,1098.090292,1741.53726,0.437384883
18.893132,1,204.1721701,204.0965347,1154.002645,190.562529,289.953722,665.1680182,654.371034,1401.897295,16954.4384,3164.663236,-313.797883,1302.451723,-329.6969435,1094.354432,1770.71777,0.32138109
15.13253139,1,213.3284694,213.1870972,1067.337611,23.94679901,324.0556632,681.800267,355.4380179,1349.687119,17324.32767,2839.002798,-684.3310333,1308.613689,-669.1177787,1053.754935,1766.895396,0.380713821
14.43808932,1,216.2778221,216.2289433,1085.067238,226.5617846,269.1358377,592.2102459,896.9628099,1417.22934,16704.67312,2966.626852,-299.9824009,1357.1422,-321.2513285,1084.558592,1739.043345,0.339288695
15.83516554,0,223.5280229,223.5304844,476.1004905,83.48325669,286.0194133,636.6513788,8.346370719,648.5301381,11846.39884,1970.240257,602.9374502,1071.470918,682.2394238,864.8490349,760.929183,0.255575384
19.3733475,0,199.3653849,199.3490882,935.8179997,192.7533384,398.0594028,920.7561396,630.9701178,1344.699026,16671.29513,3735.297429,-40.99066419,1324.559569,4.158171984,1093.338198,1518.993388,0.406507748
6.325028297,1,216.9983357,217.0282624,204.950882,-214.3726458,64.90609073,115.6550317,-635.4193895,409.1287991,5539.386799,477.9572593,-268.0629331,898.8287626,-289.5750592,687.1431844,222.9529553,1.067753118
5.951164874,1,207.7083829,207.8069955,160.8300627,-210.2108803,60.17629422,138.5096289,-673.3855345,341.2686797,4190.310229,455.9077568,-226.44093,846.7037953,-201.0405317,653.554032,142.6142333,0.216904763
6.462698772,1,226.1009996,226.0339891,183.43993,-208.7290916,70.87580832,144.1421813,-737.540382,455.5975202,4643.296572,707.4210548,-152.6509287,865.3708387,-152.2732687,656.7521601,171.8809472,0.248544155
5.803417412,1,299.9157779,299.879279,140.3720945,-215.7109432,114.0791748,203.0333176,-743.8414635,303.8570966,3535.072561,555.4441391,621.9673558,825.8883781,601.8157719,634.8654554,121.9589637,0.164243883
8.321648918,1,320.7130556,320.7007354,586.1390056,-123.0564722,215.225691,369.4442751,42.43617896,756.3276715,12663.02415,1643.949957,623.4197903,1115.242662,643.2255438,874.8347434,912.6676797,0.19995405
5.548592915,1,212.7138871,212.7011302,176.1149761,-170.0969718,86.13657952,113.8561537,-634.3908364,117.4557079,4025.046237,494.2221561,300.584153,807.9026538,205.5443106,639.3436379,181.5114149,0.140587643
11.64705424,1,235.2310197,235.2186339,901.4220645,52.70645296,341.4706427,799.3171314,391.3696004,1077.754524,16384.17517,2458.199393,-256.8363104,1243.631733,-267.6927016,989.8734027,1470.991249,3.378802495
11.98626443,1,211.6412777,211.6710108,758.8065085,-10.12720209,145.8880811,367.7338666,116.5967532,992.2325623,14817.27701,2029.03501,-585.0041305,1174.6008,-611.1414171,933.4112493,1249.826277,0.394733244
10.14768574,1,219.578263,219.5932524,502.7316759,31.36200558,218.0312537,505.4512459,248.5725984,714.0438121,12836.60764,1280.191043,-313.2643645,1148.837397,-350.458633,897.0382136,805.7063593,0.35842404
28.12669585,1,205.8686344,205.7520598,1110.972703,381.4760004,344.7458827,861.4816358,972.0460877,1437.824075,15184.47017,5123.273864,540.3220282,1224.29192,433.0459846,936.9844855,1793.976123,1.25479819
23.10995184,1,201.4898394,201.6154566,1102.640697,332.2337498,485.0602924,1004.50718,937.4926275,1439.062245,19321.89897,5804.146625,433.9820349,1291.535227,395.6798381,1126.577157,1772.06919,0.463782737
28.32069596,1,211.3333454,211.1104403,1162.753777,590.1514359,574.8799408,1415.712991,1338.479685,1602.362564,17068.41593,7608.92859,971.8671232,1251.306083,549.21695,1015.81549,1791.469031,0.53617824
29.64716077,1,221.4967259,221.3290024,1134.565508,484.0100299,568.522189,1324.795929,1143.584977,1585.652936,15929.52104,6646.581283,663.7785722,1173.454464,644.8746321,1064.74663,1788.999961,0.450511022
31.71874257,1,208.4199951,208.4298316,1169.18536,478.5063116,452.1408489,1213.471923,1170.335258,1633.581669,16709.69008,8191.444028,637.5486519,1195.795343,710.4021387,962.3694316,1804.919237,0.626289691
34.26937992,1,208.1566372,208.0788225,1211.044044,390.2978131,521.3372206,1197.576919,1182.50148,1531.237174,14659.1778,11129.79298,859.3653144,1093.960986,853.1968084,1015.198141,1800.018363,0.458978665
17.61429726,1,220.5382174,220.5368247,1087.673861,124.4354195,344.459618,861.1867378,685.9156041,1266.024706,18019.71515,2861.123509,-201.6367955,1395.807296,-194.7881981,1126.25649,1774.379779,0.30884656
19.64825347,1,234.9011831,234.933949,1116.471873,217.7401247,415.954946,954.4334945,1063.057353,1451.78016,18298.49803,3268.68253,419.6790622,1375.592976,373.3863186,1072.560317,1796.223094,1.306854902
16.68235731,1,228.8905673,228.8520804,1088.515558,104.5356905,313.6943288,826.7426481,553.5471527,1349.317285,17527.52578,2489.027902,-458.3364407,1327.58252,-339.9143829,1104.028703,1768.100381,1.690293314
19.62186482,1,209.8770477,209.855629,1095.514398,140.9465944,341.5513468,872.6582711,365.5897026,1356.355278,17345.11936,2777.989181,-251.2875016,1332.750689,-288.306058,1046.851738,1758.364134,0.371576388
19.75953529,1,237.4401203,237.5294871,1089.001286,173.3037277,305.7020815,859.2993904,501.9168632,1423.761899,17385.01922,2938.285565,603.8211852,1333.040186,560.1108227,1079.46328,1754.942293,3.483025999
24.88480627,1,232.0703594,232.0800761,1072.539373,318.0334573,349.8656694,922.4370583,853.7775254,1491.404242,17654.84428,3575.32535,378.7337461,1327.951903,490.1450553,1037.58384,1792.398086,0.916357557
16.31646848,1,245.7807726,245.746432,870.6685111,47.75443659,401.4066374,1002.590343,317.6549992,1179.89467,16582.88085,2565.187801,-184.7468219,1224.158301,-278.0893054,969.57767,1467.706433,0.549198091
22.24550595,1,230.6105456,230.5974208,1083.53312,340.8822566,343.9080804,828.7479547,1024.405688,1499.991872,18810.09744,4721.046567,127.4196942,1307.657079,102.5166464,1065.87789,1797.416409,1.120863397
18.36514144,0,229.2320216,229.2804145,1091.759483,159.039325,271.4456242,567.2323829,740.8463286,1405.945506,17120.84421,2991.76459,-265.4678866,1313.829429,-260.1521309,1065.964148,1760.978511,0.403069273
16.9666878,0,237.5050118,237.4961452,1047.166716,45.56427873,242.9714747,547.0613577,537.9697348,1345.762938,17760.07095,3759.638448,-126.3316862,1343.121226,-48.85629034,1032.039356,1745.225244,0.330037913
14.80854542,0,243.3303799,248.1324757,1044.715113,21.42457551,285.7550806,640.219645,263.7258345,1375.281962,17077.663,2393.544027,-154.3387699,1386.309942,-175.2488053,1059.031108,1751.162834,1.036181965
15.93441297,0,304.538245,304.5013727,1125.909684,160.2646144,277.5516169,616.4213741,690.4585298,1364.956096,18396.83264,3299.029751,416.1134941,1337.645797,560.1216938,1051.176375,1743.741694,0.888679342
12.05238106,0,299.8598206,299.5064846,630.272456,91.83269916,335.0935472,645.1149523,355.8245392,698.5306249,14934.02215,1744.636747,569.5377176,1282.697646,676.194301,994.3505137,1063.795591,2.286024759
21.04619964,0,233.390842,233.3926085,1143.398169,107.7880654,262.4094997,662.2780175,681.774258,1425.928739,17548.55603,3070.980813,-270.8994169,1402.525492,-191.8732395,1066.081029,1768.167764,0.29384967
22.73797332,0,231.2293362,231.2031871,1090.270148,273.637023,329.971619,732.3457891,696.6158133,1445.461195,17532.40957,3929.98578,334.1505689,1315.770397,388.1678691,1116.881359,1797.514283,0.42415059
24.41829258,0,216.0825498,216.0545572,1146.638649,813.5044676,446.8119335,1167.674259,2037.917663,1582.456766,18477.48908,6745.820697,858.7218298,1435.63173,865.3998983,1173.195119,1809.576178,0.415104359
21.57694506,0,231.4202067,231.3298742,1107.901022,208.6102912,463.6546054,994.5691161,937.358719,1422.374571,18575.86792,3553.462577,1048.269503,1368.03723,1254.175478,1119.022973,1818.159765,0.447404759
21.08542014,0,227.0310742,227.1816843,1081.809534,263.4609914,317.4104858,619.5472932,976.1477998,1327.638794,17852.42038,3988.850216,-135.8970333,1357.600613,-41.83778633,1110.225237,1846.091623,0.37795052
18.41451142,0,215.2769211,215.2694367,1084.589548,299.8482269,295.1638886,532.3754359,1002.249647,1280.331188,17513.28191,3768.316182,-94.17219212,1330.708173,88.00857612,1048.138956,1781.636039,0.326102873
12.7139823,1,263.0421601,263.1584706,838.0225727,-6.054872323,278.0178783,609.402801,220.2390039,1099.503225,15783.89111,1520.24117,636.8174411,1247.207599,699.5551098,985.9673713,1386.127717,2.227416912
11.83612459,1,256.3300124,256.3444593,761.2248112,94.71630298,446.7452981,1040.956576,412.3141606,1010.423471,16243.6007,2579.392192,664.0782472,1310.015537,732.7598857,1080.69543,1233.016719,0.19810107
16.32096325,1,230.2156065,230.184514,1046.228561,223.6119098,260.2258733,655.6428119,702.6782576,1389.151407,16957.28273,2720.487175,-199.429534,1301.677235,-137.0489166,1066.292798,1729.17986,0.214732904
10.85372722,1,223.780787,223.829271,681.1613076,23.74935642,172.7978359,387.0496874,187.9489145,898.9508249,15180.8725,2233.807368,-329.5031713,1182.338251,-338.4565526,908.1129477,1141.785326,3.455814433
8.624973441,1,224.3640498,223.7482906,321.1166826,-96.27035742,162.8197228,326.8020202,-233.0524896,365.2167666,10603.56272,925.0600191,-294.6762135,1072.455663,-274.0192125,819.3471878,509.0090526,2.716439185
9.643981446,1,237.7149776,237.6996527,381.7338631,3.770967975,134.0205202,277.2296616,33.19307811,415.8686569,12024.04825,1132.950926,-90.39909589,1163.643195,-78.8435297,896.8549331,588.0712661,0.236384384
8.452867223,1,266.4800954,266.3542014,193.027019,-84.99305573,117.1325694,269.2674148,-503.516416,419.9193783,5823.910594,760.1838363,624.6870529,940.491103,640.5675875,746.7412948,218.1687777,0.303232565
8.391897834,1,320.8463311,320.8383289,472.6992499,0.414615236,237.4714581,528.6597208,-57.96364946,663.3165164,13061.14828,1326.389105,623.6782359,1170.80487,610.5980664,895.036691,794.7429172,0.278363668
10.57715383,1,229.7265798,229.7843268,572.6603554,0.364484416,141.0803941,280.001703,49.07743751,693.5443545,14129.10454,1727.313184,-215.5935686,1171.439561,-202.7683811,914.8433866,898.3388629,0.229221564
12.51135514,1,233.2380326,233.0691019,818.4074507,31.30462665,164.5087549,377.3475423,438.2296411,915.4998029,17012.77192,1813.732219,-87.20134187,1224.422469,-121.5246048,960.4332106,1360.634062,0.204730097
9.002099198,1,236.6334551,236.6529143,315.6416269,-72.09352784,147.9382601,351.661924,-348.147088,537.0871014,9567.452539,1147.658148,-129.4178432,1028.448541,-149.7819489,799.4338312,523.2569349,0.298044518
6.810318535,1,282.7615593,282.7620229,165.2486899,-37.7670912,142.7373638,286.9612965,-362.4577722,268.529771,4947.631284,806.4219501,629.0732069,916.3639117,615.8845571,713.959277,163.4185732,0.25692233
15.27331921,1,263.5637326,263.6577918,989.1263023,144.1127088,397.6874883,936.1203269,741.1005854,1009.070568,18510.42307,3261.087248,34.98913365,1404.929045,-65.65335413,1124.468667,1600.371461,0.355544426
14.10083653,1,354.0610237,354.0603391,772.3552045,47.33787829,342.2027194,662.8678136,562.9403653,873.2934996,16955.54438,1045.705682,719.6373941,1306.705899,723.3524358,1086.409905,1266.961078,2.449529485
13.61271894,1,294.5120138,294.4780533,290.6421641,-48.3283071,195.1305721,352.3401895,-442.1195946,372.8775575,7615.269265,1163.90601,617.1105609,1035.597186,545.0512316,809.8247109,328.8512087,0.341583302
19.85334551,1,350.7306365,350.7295514,754.166261,86.81306526,388.8475356,633.4959699,370.1568461,827.1311523,15458.82693,1967.170589,1216.485125,1246.143823,907.9419127,1049.547377,1184.000074,66.70302958
16.37026073,1,321.8367421,321.7975936,823.4932355,297.8952549,383.0020361,799.4645804,625.0336533,1190.156241,14764.27141,2353.508467,825.252088,1169.555081,954.5278051,1055.210198,1280.286682,0.55599251
23.97548517,1,312.9198228,317.7986857,1118.297657,243.5211516,450.4104596,787.8161083,1082.319303,1290.026289,19417.28687,4192.474085,987.8253501,1389.992809,1174.2906,1233.982138,1793.568438,2.136259791
15.77245624,1,240.5906351,240.4379116,974.3225233,186.5149228,281.0772277,571.1545267,755.4651691,1203.57204,18512.54734,4068.832555,-10.68564455,1379.141597,-189.6667553,1201.634514,1620.916434,0.23795607
12.97598393,1,329.9670598,329.9649965,319.2323356,88.33719653,284.7288362,592.800042,302.3071373,432.8247396,9640.446107,1597.77737,636.6758409,1014.191727,604.7201297,926.3473071,382.4182619,2.15661344
25.997407,1,228.242517,228.1406196,1091.806563,446.7756814,454.5461188,1048.004639,1245.409603,1554.763468,17796.65749,4794.735868,951.0650777,1353.573656,992.6396881,1068.300866,1796.162863,0.424111164
28.16635133,1,219.7373192,219.4162017,1119.125575,372.3708467,475.1807053,1081.239647,1118.491801,1779.555707,18024.0726,5518.593866,655.1983241,1395.979404,527.4918691,1091.99358,1792.514029,1.876542724
27.10906528,1,226.2585013,226.2442975,974.7416499,253.3272709,253.6828241,1713.943367,1147.836996,1778.344243,17238.76645,7140.510809,579.3359056,1270.108462,585.6191817,1094.356234,1792.431965,0.564784786
23.96968547,1,219.2999016,219.2679114,977.019861,253.3094626,253.3230587,1421.198094,1312.792647,1604.533693,17252.70169,5999.134322,461.4032371,1314.624733,656.4410448,1070.322496,1810.612517,0.396603483
11.36410118,1,264.867057,264.8259859,976.9739293,66.45897205,66.42141365,547.5331946,286.2745046,645.8528421,11896.409,1746.747283,56.76226345,1043.781205,25.00335885,848.6790668,574.69936,0.197159987
20.56815903,1,210.9475118,211.0167542,977.314972,66.53335111,66.43854869,772.2749822,639.4458851,1350.286094,17974.29179,3268.621038,-258.9298823,1322.576338,-186.6188847,1073.81411,1762.109337,0.478306412
23.95707111,1,206.6584845,206.7452549,977.507885,66.45212269,66.41141436,1034.38035,588.3108097,1499.975837,17547.14954,4430.68676,99.79226619,1502.569189,18.38702873,1129.203262,1769.225184,4.444430528
21.20293664,0,215.423317,215.402358,977.4768811,66.4647031,66.47394875,1017.158305,816.9639035,1385.687883,18111.91044,3859.195446,60.95840676,1382.325653,134.1672467,1069.68505,1772.922579,0.336697288
21.11818847,0,211.7600032,211.5417753,977.295451,66.49697606,66.44227052,882.5078653,860.3949989,1397.229704,16307.24202,2967.587487,261.8180692,1343.564785,314.6051067,1109.015303,1777.845287,0.461219367
23.35549681,0,214.4484535,214.440546,977.3953524,66.44643181,66.45616591,774.5751868,646.689037,1382.101693,16679.04919,2768.962427,-13.69879027,1276.806626,-92.53878029,997.4517634,1804.307898,0.60584826
25.57968332,0,226.5901638,226.570285,977.3804246,66.48168429,66.43748432,750.0691606,986.6449258,1434.796952,18258.53526,3557.17769,83.02315905,1310.254162,100.6898406,1091.998216,1765.645992,0.320163215
21.75746085,0,234.2869829,234.2689006,977.3563105,66.49317467,66.54727167,1005.480343,895.5308739,1558.95416,16732.73237,3794.794179,455.9132218,1309.483554,623.1185465,1176.255646,1755.963575,0.5161475
13.52318601,0,225.5195478,225.4548979,977.6973532,66.4731956,66.45782941,934.5573673,263.0121707,1159.772577,15900.79487,2705.523562,-571.7219138,1325.194065,-631.3472145,1095.484515,1679.205175,0.42622774
17.98808818,0,220.3465451,220.3786157,977.5503718,66.52305538,66.54871933,683.4222062,314.7404142,1281.958928,16785.06068,3438.090042,-429.6925426,1310.863888,-530.8899423,1057.57639,1781.430126,0.382712027
17.17989942,0,223.7659781,223.7428585,977.4814743,66.59130437,66.4259973,650.8064842,564.1709416,1505.909038,17268.12797,4421.693338,-358.2800553,1339.962817,-401.6652958,1060.642455,1778.935834,0.351817939
20.87025112,1,210.8918015,211.1623553,977.5331474,66.61775771,66.5284068,819.4881566,701.7612372,1342.162744,16396.11786,3912.637498,-75.17458715,1223.459558,-104.730431,1023.041469,1780.044826,0.322525635
21.00168691,1,207.3226362,207.3586629,977.5802274,66.51452854,66.44412952,551.661767,556.9147425,1377.317722,17709.0366,4605.408617,-35.3139262,1153.715996,32.15316719,933.1762322,1796.026215,0.287574443
18.44061009,1,210.4835144,210.5624871,977.6629044,66.46311639,66.5370531,800.9390706,840.6364442,1364.769623,16600.58365,4149.195711,-346.16481,1252.877901,-358.0393208,1056.272872,1757.182112,0.272865445
19.29447152,1,219.5135667,219.5828915,977.6824254,66.59210592,66.40658779,714.6813972,580.3403744,1309.942333,17597.77917,3352.172172,-318.0490088,1280.357749,-337.5281994,1082.652547,1781.426362,0.355988235
14.54088908,1,224.2101742,224.1336591,977.5584099,66.44344406,66.46763104,548.2704397,497.0908578,1315.820426,16749.81521,3046.958888,-620.2833591,1294.944767,-626.7688932,1063.398703,1698.675035,0.329125606
12.47706439,1,305.7937764,305.7938571,977.3987973,66.4370876,66.54462163,186.8434158,-390.1780991,478.7573403,6331.197599,1674.353022,619.1187756,864.9057967,658.8773977,708.4488572,204.7200779,1.911443001
19.98427383,1,219.4072204,219.4141175,1129.014665,467.6695697,401.4224067,913.5606277,1467.490323,1504.636051,17220.05392,4141.474232,-29.24608559,1442.432671,55.67192594,1171.729311,1769.02266,0.386040013
22.34743574,1,223.8779996,223.8066545,1138.109137,215.9882802,302.2743487,592.2397357,824.8792517,1373.196699,17385.73654,4702.440842,462.4282582,1445.294324,394.6675082,1072.976909,1789.862761,0.291832724
21.30203909,1,214.5620094,214.6084224,1165.466043,394.7224676,325.6956554,773.2776355,1272.693187,1385.170767,18971.4865,4102.857357,-189.2551836,1290.873414,376.7212706,1086.187385,1800.802111,0.342137389
23.2283383,1,225.2831208,225.2162845,1124.907225,194.2729399,291.3742508,707.1614975,617.229214,1547.465213,17048.47252,4421.077198,-72.76853533,1351.371996,-70.67585831,1068.133964,1816.544837,3.07433219
22.35519285,1,222.8412608,222.8895662,1166.315779,201.8669579,304.2870807,688.4944523,656.5378571,1423.24505,18254.22067,4895.96627,-49.72320967,1292.226378,185.2022925,1171.60011,1789.813071,0.419630271
19.00644372,1,221.9583209,221.9599558,1096.13103,206.6060605,345.5110577,753.2835491,792.0394548,1437.058138,16948.07077,3627.594002,-94.86709526,1408.951613,-99.93393236,1126.482089,1762.849794,0.375044798
11.76522321,1,228.1917466,228.1963921,471.0732686,11.75868993,178.9288524,316.1856912,222.7937377,757.934499,12448.56513,1530.484753,-182.5827928,1155.973238,-140.1757717,926.1039681,738.8645216,0.360623683
11.74122693,1,205.425548,205.2166902,842.3987131,-90.61540222,116.3151324,212.7944423,6.928721625,1023.382102,15354.07515,2240.008592,-902.9322241,1163.679099,-752.8073639,975.9448829,1388.285095,0.428227663
12.03824428,1,197.7130046,197.7995184,834.6982677,-107.4429949,114.8701944,204.4193383,112.8796586,944.0161555,15220.35089,2507.670276,-1056.160137,1198.422071,-913.5968536,1004.141038,1337.29628,0.259142932
12.15967558,1,189.6624516,189.6489131,893.6423869,-85.69253226,107.6500726,237.5953665,187.4387161,1035.770269,15786.65348,2653.800057,-1145.61383,1194.386884,-999.3943391,1000.544949,1439.56264,0.238544401
12.80699505,1,217.5449221,217.7737752,962.1207737,-20.16522262,127.2947653,222.4376079,343.3903491,1081.434052,15717.38534,2614.825126,-1033.132627,1220.931371,-875.5852487,1015.328371,1581.852866,1.510649754
14.65695566,1,246.1200521,246.2136371,1044.920657,2.686719464,144.6992987,367.8813156,395.4015643,1279.806247,16126.54136,2610.590455,-822.6115508,1210.595791,-665.5793012,1049.199393,1734.872012,0.351136219
17.60603268,1,210.7895355,210.7736924,1097.98667,105.5068479,250.2226204,701.4109859,495.9454779,1330.685517,17331.24233,3214.555394,-357.3648371,1324.788,-374.1645487,1034.684928,1770.557406,0.392377911
14.9304117,1,219.662564,219.728655,1068.035773,-8.544580897,212.1485424,513.4429825,271.7353588,1320.60166,16653.59961,2554.655523,-394.2724893,1239.090539,-473.0621136,1051.1669,1741.368992,1.736622519
10.66893415,1,229.9019326,229.7319928,476.1647948,-81.16585981,217.6217684,513.5019621,-81.54880745,674.3158512,12232.57315,1090.573402,-237.8161038,1118.92628,-288.4022116,885.2115112,720.5849656,0.27226612
12.31851498,1,219.60605,219.6133065,780.3013844,-61.06643638,210.6023091,512.2633904,79.35676778,934.8102028,15524.20332,1413.087175,-683.9938739,1213.755465,-716.3214369,1025.851243,1259.593392,2.115126803
11.71810061,1,223.7508409,224.0021919,775.5612355,-53.51631587,156.3107021,401.1458132,143.5407144,950.9668083,15463.25643,1167.180965,-417.0522442,1215.147057,-456.2308821,971.2713386,1261.892312,0.47973023
12.89667298,1,223.946107,224.0174942,778.5996158,9.01107556,216.0186278,528.0994145,211.45739,876.4198873,14920.46333,1242.880975,-321.3104559,1231.220211,-387.0639209,1042.717181,1264.500666,0.296169928
12.17446483,1,249.7018547,249.5968341,840.6188607,9.535794022,143.2425815,391.8270355,177.5688945,995.9476832,15611.1451,1635.524863,-291.4203352,1223.80786,-301.175993,1044.85976,1393.238294,1.632361411
11.64821418,1,218.215231,218.2272378,738.327871,34.15669427,223.6667819,636.2385216,309.0313047,914.5849643,14417.1464,1699.290805,-217.0434141,1203.490841,-255.3448506,929.4342516,1220.472605,18.75895482
12.30147835,1,224.3194857,224.2456473,994.5783922,-44.46696714,203.7494304,524.4721688,136.024611,1200.85738,16448.68207,2699.723409,-223.6258659,1195.57574,-138.479799,1018.324405,1665.648814,0.509014272
9.523782579,1,297.1241609,297.1179048,276.5193222,-73.31571314,221.5229846,485.4276698,-205.2582738,536.9039943,8496.313955,1505.066295,618.6304798,974.5462935,572.7321386,789.7289476,398.1549649,18.71919344
12.55050314,1,244.3133707,244.3385227,761.9505317,20.60399541,220.3886452,457.9136837,272.036885,995.7305195,14746.52367,2029.079732,-318.9230045,1223.204833,-298.5203712,1010.75082,1258.187388,0.309143352
16.6159507,1,226.1346694,226.1724717,1077.419614,93.65618897,321.1920965,665.8462837,489.3229277,1389.697304,15952.4403,2393.773961,-330.4057658,1287.398527,-295.6716721,1024.932754,1731.473887,0.875461367
16.9628455,1,234.0039379,234.0522841,1111.715648,56.95038659,258.5820957,504.684511,452.2983686,1436.497975,16257.6654,2947.98429,-452.0673058,1285.156803,-423.2463252,1092.636148,1747.24861,0.3047626
14.27439268,1,234.9241756,234.8600404,756.6109744,-26.08663381,288.8107261,574.5753438,146.8643634,943.8400655,15010.04314,2117.980394,-262.4020203,1185.427614,-235.762982,993.9898526,1247.235239,13.86027696
11.24006,1,220.14502,220.1248594,704.2029326,-34.08389642,235.4415779,247.4744505,182.6181499,802.1428964,14425.85905,1633.374619,-226.1880872,1188.454587,-163.8193897,978.8828323,1145.145054,0.243569219
15.4576048,1,229.9384655,229.962156,1030.347685,-9.874216021,246.3835477,560.6561569,436.5112948,1273.086045,16056.76179,2375.581423,-241.7200758,1226.353036,-204.6686562,964.7632851,1725.178302,0.343734
9.603311021,1,205.9288015,206.0128976,493.8197826,-101.8827234,179.1000455,431.3433713,-67.83875225,653.6506778,12629.23213,1142.597499,-593.4873264,1076.163675,-570.4059957,873.3504913,801.0486657,0.341991193
10.65523235,1,210.3481907,210.3837731,687.5905939,-43.32338305,157.1436032,364.6374373,14.69020702,799.4617687,14097.21071,1400.035462,-630.045906,1148.553701,-640.1290177,938.1680625,1079.441571,0.26503137
11.62001312,1,221.3711985,221.6279811,729.515879,33.71842633,163.8869805,373.5728475,239.8571172,918.4081951,15011.75684,1837.637506,-321.2520027,1197.734908,-333.9947028,1001.478481,1207.229818,0.390709545
13.14352288,1,238.3080475,237.7694351,917.9838784,29.2634895,199.623109,484.3070573,352.6035215,1115.889525,15959.9287,2182.471727,-690.2122943,1257.403007,-739.5380579,1034.490442,1461.478607,4.729647332
11.65647876,1,218.1188063,218.1217516,737.1543167,-19.30792572,177.7038142,424.5312269,128.5072258,865.0686256,14572.35177,1797.447712,-421.4811282,1162.791025,-458.7323499,946.1391702,1167.138192,0.398127162
11.12145606,1,223.2118622,223.2057497,649.3765881,-22.23998381,198.3470869,455.1416422,236.8911959,740.0252842,13917.1859,2205.841096,-231.8235337,1175.271749,-206.4763543,1065.58314,974.9094191,0.304783236
10.67821367,1,254.7413206,254.7648504,553.0303055,-5.744850562,216.4511758,519.6063513,2.985467753,801.79791,12755.36895,1371.969418,621.4942784,1085.569148,597.813626,884.6157338,885.946454,0.288423659
12.88420361,1,271.8376022,271.9790056,451.0011264,-18.82876294,207.5191212,488.4651195,-192.91776,588.2394016,12315.37235,1297.995378,628.4276859,1092.911241,573.9808585,854.2717285,674.3776933,1.689610801
15.01363746,1,242.3501263,242.3370711,905.5765845,-43.39018607,274.2381498,628.7776015,33.51453007,1234.635768,15409.67633,2020.912101,-43.68834382,1195.40561,-49.48342591,1043.490804,1498.981831,3.231071186
15.07525931,1,205.765427,205.8018035,1085.283117,80.56217422,270.0216773,487.9048132,504.8076488,1220.794351,16427.93265,2746.336069,-122.1174933,1258.843773,-135.7128222,1077.268257,1710.701168,0.312246833
10.652115,1,281.5354278,281.4988747,664.1080248,11.74871467,238.4506736,361.1281507,280.1073513,636.1909266,14386.57429,1709.553383,-118.7170514,1170.866695,-77.21099879,920.9663161,1190.087864,0.220189409
12.24906352,1,235.0280966,235.0042205,561.4599163,-94.39485766,177.83517,360.5973343,-66.06200568,903.5647966,13033.1235,1435.591163,-45.89070483,1081.888499,-38.36705321,888.1903825,866.5699515,0.773826919
12.41000531,1,234.6208547,234.0286101,808.7170155,-80.5173819,164.1341349,249.1553693,116.4568233,1018.18257,14721.31443,2483.985645,-226.2429117,1221.887457,-230.8130961,1016.171497,1299.423769,2.069952782
10.49305812,1,240.2802065,239.9451004,450.5303267,-40.61517921,134.6651447,186.1356605,63.72622416,657.4038254,11628.40414,1505.501365,-319.170663,1070.765529,-244.4658548,883.5823433,684.061239,2.235652564
10.89055534,1,219.4760923,219.482914,579.2584406,-69.38559922,131.4638918,199.376582,77.03252378,711.3728533,12616.86607,1738.433918,-317.6549188,1060.12693,-273.9156282,897.7584548,894.4957856,0.383527208
10.37336673,1,224.8938617,224.83995,624.4529127,-40.25806388,213.9172518,443.0213333,34.15256577,778.2709494,12702.93929,1323.622162,-215.3874356,1086.350987,-105.9270253,885.7393074,991.6459471,0.378828685
10.23939356,1,229.1981354,229.2196906,491.7092221,-33.73882176,109.9872348,120.2259511,65.25025529,566.6238299,11841.75908,1269.384252,-173.1544532,1016.531944,-104.8512114,829.0042875,738.6650083,0.311994905
10.27143693,1,211.388283,211.0931325,628.2916525,-50.8786203,140.2992353,254.4045542,43.77554493,745.1207169,13345.39946,1840.713068,-605.7512965,1080.411772,-408.3499303,916.0198075,961.2209269,0.318384975
7.761397505,1,213.4872535,213.4581291,291.5160143,-143.2571234,92.57628005,148.4182027,-345.3563385,402.6390106,8184.821383,935.5124307,-306.8244275,914.9554128,-120.8806895,780.2758529,422.4741262,0.308959402
7.529554335,1,211.2641216,211.2533524,256.1118788,-134.5316601,104.681666,185.0740276,-380.3512773,411.3933006,7248.121994,1080.179134,-364.676953,913.3672626,-197.1706104,740.3417325,331.3210324,0.282550815
5.900054981,1,205.8865674,205.8628402,225.5489419,-163.4229083,59.76565107,94.15696542,-555.7043292,374.4653232,5624.563367,673.3683024,-191.5974921,869.9180803,-8.468994342,702.1391008,277.6670215,0.233742702
5.497628016,1,205.2985241,205.3558496,163.2874074,-225.3179959,61.33780602,62.48491715,-743.4160851,162.8364302,3712.360095,501.5267337,-228.6908975,797.3842301,-142.4886461,631.008701,135.3124243,0.200697149
6.096012483,1,194.0266988,194.036177,162.872874,-198.9701393,74.17360453,117.8962567,-671.6453966,304.3569098,3724.45599,647.9936069,-206.8644969,819.1018468,-124.4668868,634.7874743,132.8011922,0.158566381
5.044381143,1,210.8231835,210.8068455,130.4267384,-180.436231,94.3271749,240.2494488,-770.8732516,275.7438531,3067.96286,663.2663249,-71.97833012,772.1191198,21.94881471,608.8657421,100.0606888,2.984985479
9.721842473,1,220.4649624,220.2226546,441.8572781,-57.15773359,128.1249101,270.0046599,-63.75666246,580.3982884,12249.41931,1338.834627,638.5126438,1116.910573,679.142875,834.8826548,657.3787866,9.217715275
8.326288682,1,223.3039076,223.3156109,313.6390058,-79.68504604,152.731183,328.1585511,-356.955676,519.2310411,9277.69569,1040.557006,-134.9146082,949.7021291,-177.8961287,731.4772389,443.1271372,0.226517459
8.463669172,1,217.4055876,217.4387661,472.1251039,14.71264235,189.4237956,374.4575416,140.2595469,669.1555651,11558.95233,1295.835677,-294.6229729,1075.295559,-304.3382477,858.7728398,692.6836001,0.28605997
9.235029813,1,275.1798567,275.1156759,287.7392823,-80.26920736,107.2055491,208.6658699,-278.2380501,495.1012364,7813.716874,1294.663603,600.9998638,962.729403,614.498234,760.1241572,334.9280817,0.261096751
6.646331902,1,267.0664957,267.0680173,184.3126319,-137.7384775,92.05149318,160.332083,-559.724831,270.8618662,5178.483225,713.3198698,599.0872924,857.635535,582.3137555,675.1335639,181.5795506,0.125439742
6.9050712,1,243.5809622,243.5901266,197.8429552,-101.2640807,113.0085284,266.4363937,-505.447015,382.635343,5303.474731,965.4876197,611.9535309,850.7131217,627.4796715,662.269534,186.4935999,0.188601837
7.925891612,1,225.1000107,225.1178042,266.1927333,-102.4332699,95.0427791,204.7142363,-380.3635384,333.9853749,7581.068847,882.4686648,-214.4796891,935.8546105,-227.0555327,733.3723327,325.1391327,0.234400343
8.980205315,1,226.7637802,226.992846,359.3169088,-61.1890343,113.3638183,183.4815783,-8.909160428,353.8242961,11110.43276,945.1299396,-216.2323937,1000.250755,-177.8724621,792.3471066,542.9793858,8.209796068
8.753726871,1,221.2845187,221.2768197,329.1237219,-92.79014873,85.85260106,145.1448346,-160.6456846,455.7816666,9762.800307,1059.338195,-239.2411147,970.4549168,-249.3508947,776.4459282,488.2276756,1.708550356
6.719843151,1,205.2147206,205.2505256,194.5381711,-71.03784067,103.2228977,124.9738094,-512.9477697,194.4271848,5667.071044,753.2883368,636.1465476,841.6511383,591.07478,682.1777636,194.8547115,0.132271246
10.19886813,1,247.2140309,247.1411667,442.3165948,-51.65322664,182.8431708,433.7320454,-217.7785351,481.974449,12008.04507,1329.222048,535.9934732,1015.109878,558.46466,844.4506765,680.2343487,0.546459666
17.44327848,1,219.4792,219.4628868,1099.013243,179.6028173,223.669891,601.5880032,675.1227165,1184.774987,17770.15422,2958.688662,-152.0738023,1228.566287,-316.3615096,1049.883435,1761.803667,0.440319315
11.39454962,1,241.425267,241.3480856,677.9518318,-11.12071154,135.9036678,335.354063,140.5156449,842.5415704,14184.22824,2078.727558,-283.9529112,1146.697413,-317.5199401,1020.475913,1238.890315,3.712574132
12.59537835,1,235.1733755,235.1816382,717.2119315,-41.66151402,150.8531339,405.8346918,-36.26288913,897.4433754,14349.31133,1764.751665,-210.7918681,1183.290104,-190.5234409,974.6061974,1117.183458,6.123370843
15.5928104,1,242.1497872,241.9760971,1084.756051,-3.82671294,227.599896,508.6951242,269.0869135,1182.019717,16390.29667,2961.218836,-201.014533,1205.921677,-263.1173138,1091.018304,1759.307493,4.519488184
19.80977523,1,204.7359997,204.7196391,1099.829678,102.3868704,312.4806453,682.4490427,499.8160755,1456.128404,16269.20262,2970.644824,-162.7763283,1285.323947,-299.8779192,1117.216531,1753.402277,0.294350734
19.88451892,1,230.7837157,230.6753621,1101.463698,119.8002244,400.3412247,947.2674724,582.2777996,1464.372567,16284.48159,3713.412485,42.57215393,1296.540692,25.71854024,1094.246618,1758.250073,0.322625908
19.60896048,1,201.982067,201.9494727,1093.523259,147.4525409,329.6485253,802.8853976,452.0487935,1465.484661,17195.37043,3323.130107,-95.89329468,1228.751648,-88.23275065,963.1037568,1759.261944,0.314247825
15.7437477,1,231.0913635,231.1079378,1101.508481,171.8399574,362.0146136,884.9555189,736.0345766,1328.073964,16463.85642,2726.926733,-572.8602944,1289.424252,-605.3091305,1100.083345,1756.996151,1.858916269
15.54133803,1,220.7696558,220.7992794,1075.373358,133.2463168,325.9922768,681.505369,654.7547759,1368.397866,16483.51266,2372.439167,-730.0293613,1295.166324,-734.854131,1025.058345,1747.118362,3.612103711
11.15676176,1,242.1105412,242.1948846,570.3626233,-89.12281024,144.2311951,231.8153652,-23.8853329,658.6872662,13084.40224,1611.366256,616.8532017,1095.987309,596.5953902,894.0730451,879.9030842,0.647646732
14.13309739,1,252.6622803,252.5630413,1006.414985,136.5472001,291.6489914,568.559424,715.65348,1091.926339,15753.64225,2256.639579,-169.7655837,1235.007612,-229.1680819,1017.986358,1638.837242,2.827496466
11.89114928,1,220.6705901,220.6620032,815.5057171,17.23136903,204.105784,279.2054784,483.0133507,826.529211,15967.38038,2531.286526,-273.3210542,1186.217555,-158.9167618,1043.489984,1304.294528,0.315321052
12.28806653,1,219.9700144,219.9097078,685.915236,-75.15352477,243.4664032,466.4952163,-19.4632051,849.5532608,13749.11892,2000.914985,-231.5798692,1020.283698,-120.8413363,864.174771,954.0056991,0.260890778
13.47555594,1,214.3033874,214.0398261,1111.87526,-1.071365345,229.3284307,375.7256031,339.0928901,1191.973012,16108.63507,3030.993867,-813.9002429,1220.007307,-661.909721,1069.078966,1733.657239,1.497251245
13.35564706,1,222.6193521,222.5796788,801.7388457,6.91168982,217.4466689,403.1806096,271.0149391,1013.998943,14647.23194,2336.342692,-413.2816465,1205.654788,-292.356417,975.3354079,1289.704838,0.31011973
12.99744283,1,224.3152664,224.3301595,920.5537556,1.608978591,148.3076598,221.7593424,76.76630651,1117.403369,15021.43411,1859.819388,-292.0712877,1148.776813,-115.4251468,982.8717907,1470.734893,0.2870479
9.601063635,1,222.795255,222.8580246,575.3921418,-60.58803838,128.9156705,287.8165008,-91.94679543,752.9793335,12105.38893,1905.548744,-241.489831,1052.797444,-76.78753068,852.8941114,903.9681485,0.286294775
10.69604776,1,286.0902286,286.1284407,472.2743819,-82.98476116,126.2411818,268.943027,-170.0844672,631.6831497,11705.83857,1622.209249,-62.53599871,1019.332217,95.98460734,799.7937955,696.1927749,0.210376473
8.703704424,1,219.6614608,219.6717998,399.1764169,-130.662801,99.04899218,213.3547486,-222.6798526,548.2954058,10779.63819,1218.54513,-413.8918059,978.5337772,-377.2390005,758.2647877,568.5020262,0.414475037
11.40266921,1,231.6234593,231.6349383,635.4546973,-28.73306342,134.5837696,307.2207911,228.1129358,708.7850551,13125.40919,1827.593171,-258.5938061,1082.165656,-245.2113678,867.4368569,988.2478221,0.273355977
9.291794416,1,223.5832778,223.5095065,407.0307334,-105.6197279,108.3586187,252.8415946,-178.276352,451.4284555,12018.8702,1034.310238,-170.2183036,1020.520103,-169.1257198,819.7718869,621.9791102,0.22135171
11.09934468,1,258.2078789,258.1687178,628.2239033,-78.96020373,163.3905592,408.9016313,-37.77417537,528.5755284,13847.03278,1859.001339,-145.5868173,1105.198496,-170.6534524,888.9966149,1006.501027,0.268961705
10.0427836,1,232.4007154,232.3918941,375.1633369,-97.99161986,144.8685544,387.3150957,-222.0668258,469.8151499,10902.30682,907.1732769,-108.883362,980.2171376,-142.2676304,790.3594415,542.9876675,0.263521015
9.702050983,1,243.0763216,243.1440231,389.6283698,-89.20745998,147.0394399,444.6727622,-18.70575047,315.1836874,11281.13028,840.848241,638.5422046,964.0347552,580.0101215,795.6467462,525.6981491,0.190246888
9.617955274,1,227.0158919,227.029034,536.3950009,-121.8482564,128.7243437,340.9866154,-214.3868269,623.099299,12237.51702,1202.330328,-128.5368739,1055.364314,-252.1996665,867.8568312,822.7824363,0.27450423
13.12199148,1,275.3227972,275.2193587,914.013085,3.641231499,208.5819968,514.858493,111.775249,1051.130593,14886.06914,2123.49356,-166.6550709,1163.692711,-220.0593754,951.174061,1486.769737,3.850243516
14.20784107,1,217.1308834,217.1432863,1103.446798,-51.5727442,203.0664244,510.9953288,198.852211,1143.304179,16682.92229,2711.68579,-671.473132,1330.468724,-760.6906181,1079.474621,1728.605789,0.468405976
11.48727239,1,345.7575552,345.7556646,410.1345664,-1.996648412,200.0339835,503.3574699,-117.2374105,443.0937396,11263.00986,1349.274354,653.0904575,1038.635856,544.4651775,846.8840379,590.3750796,0.220851933
14.87458955,1,227.424493,227.4828258,1111.534218,-31.39026925,300.8955514,723.2039502,264.8110028,1259.439831,16729.57126,2678.494589,-546.9318024,1274.262427,-645.9537061,1064.096132,1723.908193,4.035880107
16.4082488,1,217.2921885,217.2886014,1131.18953,226.8458065,298.0232545,607.1910658,1055.523497,1344.630137,17044.55808,3992.102405,-445.0147266,1273.219726,-471.6583618,1132.665959,1757.978659,0.306324422
20.88127056,1,209.0186353,208.8909473,1094.478638,90.09151227,281.2584677,525.0914546,705.9829746,1343.568037,16930.60989,3603.797581,-304.0892739,1286.951861,-287.973801,1126.919079,1766.511051,0.489177678
14.39379408,1,216.22764,215.865282,1069.38846,-19.74083933,259.5946504,429.3380647,434.5287534,1235.334097,17082.44802,3561.077887,-793.1798328,1244.965377,-835.7152299,1020.261734,1754.198071,2.36772036
14.62824712,1,211.4387806,211.4875512,1080.484405,-11.85753444,291.1501831,542.1660505,489.3940194,1213.262478,16278.40037,3613.69236,-790.219846,1254.955828,-826.9781887,1089.118399,1733.772806,2.900501682
14.14041951,1,230.4569442,230.4191036,999.4379635,16.32473736,268.4939512,471.2430746,539.1812213,1108.144427,16283.36109,2895.910864,-244.7557162,1329.872815,-220.9603131,1101.147968,1634.902314,3.207757069
14.6540558,1,222.8703281,222.9253327,906.8890822,37.77344787,194.9532338,354.050598,588.436837,1096.353087,15812.11189,2835.571143,-258.148457,1235.163793,-279.7315055,1003.317752,1444.224474,0.818798902
12.07130259,1,231.4889317,231.4743623,747.4051184,-23.6968961,186.3783303,283.2160916,104.561636,836.5101994,14563.86685,2455.700427,-256.9988342,1116.520323,-278.4536361,970.6297215,1174.173481,0.341344036
11.33539264,1,242.6398355,242.672514,710.7929798,46.0707098,207.8991675,340.1609009,430.185247,760.8478647,14397.89196,2394.250269,-249.4631885,1137.706153,-263.4560299,980.4877161,1099.861942,0.44012443
12.63329391,1,229.7526845,229.8861664,742.1654625,-20.62915927,250.1655794,427.5686766,269.1918731,831.474855,15048.61683,2323.647232,-327.5636563,1170.050426,-334.7429109,997.9486309,1183.910105,0.262457847
15.05902014,1,223.879647,223.936223,1100.563437,14.9155077,218.5897691,423.8529614,322.7182056,1369.371018,16185.5231,3112.394122,-350.0333545,1205.20458,-308.5580394,1072.251398,1743.263238,1.410164981
13.94968174,1,214.1950985,214.1705974,1083.383842,23.01384284,195.3825282,266.3774141,466.921167,1325.815778,15784.84681,3523.508285,-850.3852011,1229.083201,-833.1660563,1031.633969,1676.514758,1.871159246
14.4816596,1,222.3504602,222.4105482,1058.092713,58.15046041,299.8335175,543.1687038,597.7528088,1149.013419,16074.6138,3323.55863,-566.1355734,1310.516932,-566.8452712,1061.321319,1713.932153,0.319456824
13.86573103,1,218.8285483,218.7482482,1050.88144,-45.19709597,188.4570764,314.0624253,324.1324793,1306.93597,16119.36048,3123.261639,-794.3482825,1216.778571,-723.7151036,1015.806848,1733.464878,1.377375424
12.20281088,1,250.9079444,250.853449,723.2335741,-7.574692673,177.2090027,329.3381432,239.3322874,906.3427839,13825.84007,2609.04544,-357.4758368,1150.219987,-232.6111401,964.0254832,1158.440919,1.191505805
11.46835086,1,211.3957682,211.331683,714.8464502,-44.56600807,120.8288432,222.11322,194.2684801,850.0672951,14061.65248,2266.276901,-554.8502964,1113.471116,-439.7706213,943.4583425,1138.851728,0.310183298
8.095170474,1,219.8478623,219.7844488,308.5761869,-115.5388283,108.2486507,191.2079066,-253.574859,460.9261309,8620.248129,1222.890317,-476.7927401,918.187324,-391.6602679,740.4247354,423.6821226,0.262334195
9.279687534,1,216.4593937,216.3748683,503.9614966,-91.90355918,121.2733849,228.0406704,-110.4539719,633.796314,11894.76995,1227.956148,-453.3899111,1033.12438,-345.014485,845.3898695,774.0439805,0.26273291
6.791179511,1,218.9505854,219.0009829,238.9759189,-175.5069772,53.15731253,101.9422734,-549.9797844,410.5883735,5932.034228,885.4272774,-391.5023703,874.0933741,-297.4752848,692.6738102,265.5479082,0.355708831
6.326768208,1,207.6347784,207.6217385,191.0198048,-172.7780267,67.40311362,106.6606418,-571.8575002,332.6862485,4594.248192,577.0006516,-267.6238108,836.7032588,-166.4198142,679.5523797,208.6478541,0.227286031
5.691700613,1,212.6122872,212.5607817,193.699918,-121.4006523,84.97178763,157.9728988,-572.5399638,363.1272114,4680.510287,789.879747,97.66881046,819.9230945,142.5541846,639.0606105,181.4993688,0.302653815
6.09978229,1,211.5512249,211.4447856,132.4661048,-141.7125127,74.57245847,140.1020783,-637.6831384,306.7114443,3091.617909,725.1350009,-221.3433983,782.2843149,-224.1173046,612.2139151,100.0004584,0.248064233
9.298536572,1,222.9724716,222.9998236,401.509746,-106.2645596,101.7243722,212.8534219,-184.5207342,578.656879,11048.5508,1256.508569,-273.5529399,1014.753716,-302.0510487,806.4020179,591.5751707,0.274660018
9.648113735,1,235.2095498,235.2202672,375.26209,-3.906835755,163.9475378,517.9549223,-47.44495201,442.3495101,10880.56613,1101.491353,-118.3661288,1006.272403,-182.070315,826.6399287,553.9537448,0.258066222
15.66204437,1,202.3400981,202.3262929,1141.21986,-17.67362192,197.9190582,499.1109383,267.2369668,1343.217723,16424.23238,2411.697335,-584.32294,1330.824809,-653.3979419,1108.777682,1733.865787,0.330248086
15.70481719,1,228.2706888,228.2243395,1094.881689,50.6118529,195.3060692,402.3548951,481.8931956,1149.823519,16643.16161,2576.735339,-504.6905437,1227.232639,-557.591502,1006.076387,1733.787488,0.334354063
13.61772118,1,216.9459795,216.9828569,990.4181307,6.71678292,196.7659283,429.4265341,208.1796149,1179.238803,15750.61186,2788.428987,-93.911357,1219.180396,-128.3512695,1059.200497,1596.379314,1.970059715
15.21793203,1,218.7552356,218.7609936,1086.160412,-12.95421779,212.8907178,497.5774685,179.7811834,1188.654342,15701.9632,2220.54327,-709.7801335,1230.191466,-777.4153073,971.5036801,1743.176281,0.331622383
11.08825275,1,224.4945035,224.4859458,648.3155664,-53.76691579,236.2479894,491.5910386,53.82646091,714.0686806,13651.23095,2136.57203,-342.1603477,1111.495079,-374.5706171,924.8831177,988.2184597,0.283244815
9.224010375,1,237.242374,237.3195778,617.8938694,-105.3843403,134.7761221,239.0108771,-91.84757907,667.1782445,13373.31963,1442.059613,634.2316708,1103.295599,588.6927762,925.4590398,947.8520324,0.277471437
9.207408722,1,251.8121698,251.7830282,307.333735,-102.3952395,114.887155,243.1099597,-261.4050499,424.6174223,8624.422721,1059.689136,-72.49350077,947.3106379,-27.97697969,758.0723647,463.8351084,0.158880673
12.7903937,1,223.8065405,223.7354726,883.1952273,-40.37464506,164.5226093,442.8149046,223.2179517,926.2634565,15944.12147,2329.891555,-466.9617184,1229.545784,-396.0211998,1028.161189,1418.681882,0.35281926
12.51614019,1,202.4444706,202.3010977,886.1532272,-60.15349385,172.9127508,310.965996,177.6284391,1037.556561,15894.54431,2118.80678,-561.3947831,1165.824596,-469.6180812,1013.358339,1458.850679,0.603295075
10.32573696,1,212.0589237,211.9632307,598.261523,-6.725330836,169.4760519,361.8948856,124.9600148,748.787373,13013.59959,1539.055444,-435.8050628,1151.716343,-332.9573419,921.795226,932.2414369,0.226767838
8.971578555,1,210.2738116,210.2217551,389.7454956,-87.84564229,142.0174768,259.7127187,-157.2464641,542.9313333,11014.18053,1179.753979,-277.3246672,982.5140326,-231.4612223,815.9955366,578.2036411,0.221966205
16.65669392,1,213.7561734,213.7577361,1120.145259,158.0875709,352.5376858,802.5904995,750.5813218,1355.45614,17869.70034,4397.075193,-53.11999737,1316.461796,2.481231921,1148.865272,1762.927341,0.765840131
17.33177947,1,203.896798,203.7939214,1116.946117,118.4832835,295.6689409,636.032093,614.446193,1292.481289,16990.56744,3730.963168,-359.2280574,1270.250106,-305.0918752,1054.34326,1736.239242,6.041408336
15.60085779,1,246.3253847,246.3206404,988.1617372,43.64557056,289.837162,606.9256576,410.6500599,1037.150876,16378.62808,2637.728467,14.01630455,1267.917846,148.5564183,1055.825669,1525.925533,0.241795411
15.69495799,1,217.3361045,217.2122728,1071.585143,81.06645865,278.4762156,577.7307527,593.6601933,1170.121887,16520.43342,2721.53561,-605.9451438,1248.06271,-616.0038134,1063.705115,1682.859656,0.310601298
14.71205314,1,209.6057942,209.3950564,1083.672063,145.3154292,194.1765628,438.8337812,566.26597,1298.528323,16434.94577,2969.593396,-595.2867081,1236.356126,-558.4012616,1005.075701,1749.648039,0.46618286
6.379908297,1,208.0863071,208.0958436,208.6058951,-133.424933,84.05456423,150.7478971,-522.795489,266.6449977,5923.865775,763.2970713,-238.8515655,917.022807,-270.3887034,714.9242106,235.2038227,0.237755412
7.959167714,1,230.5284169,230.4065894,261.3124927,-76.13645805,90.73960443,175.0474947,-248.7158396,418.165877,7603.037277,772.6620271,-269.2396906,963.2849577,-274.6412964,761.5794152,322.6719441,0.332322481
5.750277924,1,225.5641561,225.5634586,200.7240195,-169.3865755,69.66745064,92.09267922,-610.2387269,274.3457555,5823.480763,82.95044508,534.308206,878.6660238,577.4287362,693.5477913,208.381711,0.164501574
10.15885047,1,215.2788088,215.2721434,506.5336704,31.19884048,129.1511133,300.5855854,257.4436268,674.8578836,13144.16073,1285.719856,650.226214,1133.408906,603.9742424,849.7007635,835.0660539,0.227373698
11.11493169,1,216.0631059,216.1041117,514.0366096,54.35757602,219.5669261,523.8528829,240.1983877,698.2268747,12949.49674,1462.781934,-465.1028715,1129.554547,-480.7869039,847.4437945,803.4989145,0.457400457
9.266058529,1,224.9847675,224.9930901,415.3902983,-52.44515101,144.9331728,316.7754872,-14.72842134,596.2847665,11954.67071,1041.871814,-194.7644731,1050.180149,-220.9456262,774.3673997,639.2968617,0.270436357
10.55997251,1,304.7106869,304.7050262,261.3664625,-13.31111182,132.5191301,208.1055637,-375.2963664,236.2741415,7689.657976,502.6072373,671.3555691,1006.366166,608.7064125,753.4412452,278.8787823,0.196909724
11.65111433,1,251.7938707,251.7998359,717.6230199,26.23743883,212.8343422,432.9063309,430.5654132,857.4931585,15386.11533,1422.461947,638.2460205,1239.648659,612.666479,950.0181503,1164.696601,0.407661773
9.269538352,1,231.7844675,231.7772868,392.4187191,0.050489818,203.1323588,429.750922,164.528156,469.4541303,10731.10811,767.9948087,29.77415667,1060.568362,-31.81294374,800.837243,594.1040955,0.241135026
13.12126682,1,273.6165009,273.5782266,333.553832,28.21542687,152.1681061,309.7864039,175.5372469,394.4925927,10719.79612,802.3503941,-100.0106177,1030.445435,-76.2182199,778.0561379,448.041563,0.922760349
11.78197015,1,256.4459769,256.4092674,769.3351969,72.17958849,270.2423325,609.0489234,528.566656,889.3053418,15087.91508,2081.623923,-105.6980636,1191.694795,-77.71282797,900.1901138,1241.160249,0.321429384
15.13709896,1,227.008994,240.1838239,762.9162452,121.650006,187.8128363,448.447457,469.3819131,1102.27416,14845.7253,1764.400383,-262.240754,1219.558188,-336.9163032,915.0430039,1211.097364,12.81251235
8.79157024,1,225.5236487,225.4753652,356.14303,-3.344860814,200.5537954,446.9139872,21.63160784,310.8797061,11745.76136,419.5898817,-159.9737839,1073.550416,-252.1016095,864.7316063,551.5140363,0.200774056
5.881713717,1,224.6153257,224.6101626,212.6329547,-174.5012027,75.59153885,299.5239525,-501.4014756,298.333629,6045.922531,98.24130087,645.4000112,915.7707204,611.2274956,747.4418241,226.7022989,0.187831721
15.29579336,1,232.0425152,231.9970913,1087.723237,63.56316373,180.2109521,433.8205148,438.8668178,1399.574691,16858.42805,2903.230336,-125.2225242,1262.074623,-112.0240609,1056.862354,1729.200565,0.265501098
13.25806733,1,216.3173068,216.1877171,946.2456384,-36.76120762,190.8691043,422.6143897,215.998869,1192.013829,16882.76263,2199.872375,-891.8555557,1277.788174,-933.5841999,974.9231143,1563.910224,0.399451171
11.61385123,1,207.3390683,207.3472948,831.6885947,-47.4609304,144.0045603,311.3493635,189.782508,1058.48395,15914.88528,2103.595028,-570.9269645,1199.168479,-599.7386249,935.2887938,1373.917129,0.285038168
14.80687831,1,209.7946893,209.7249797,1080.009012,39.17906624,171.3518512,407.5745902,278.965736,1455.261019,16187.68392,2547.131547,-510.4165527,1289.703745,-512.8518763,990.2485256,1745.230514,3.438273942
15.28506391,1,236.2817832,236.1573122,1054.566309,-35.31593318,200.8072891,442.903374,282.7461333,1359.615924,16407.80021,2329.568907,-833.7880828,1264.760359,-831.8147432,1021.487346,1753.652609,1.04967048
22.42638452,1,205.4628916,205.4119044,1098.086571,186.7628922,382.2149998,1046.500659,532.0067438,1515.100628,14288.01927,3313.024527,122.2477934,1177.333017,51.82764628,941.0749351,1774.31202,0.486391374
23.2342108,1,215.6541461,215.6152285,1131.029917,297.5333923,445.5760029,1073.601788,869.9520237,1475.881485,13353.80877,4632.319756,418.7468329,1244.876414,396.7571063,993.3624992,1774.236732,0.618886679
23.91973582,1,213.6091532,213.5692956,1091.179596,270.3710475,438.6601206,1077.317503,727.567095,1485.045281,14178.47226,3690.428042,226.554383,1223.510794,278.9678592,1069.991369,1785.211844,0.440379311
22.50852283,1,208.9382884,208.889636,1079.276402,203.3010458,282.1318496,778.8512082,511.2764472,1423.259538,17556.71932,4058.133606,308.0218223,1185.47559,198.3634891,937.0654313,1770.541219,0.402966215
21.07512597,1,207.8827511,207.8645431,1202.671848,274.5577118,360.9139531,984.3361546,945.983519,1364.848879,17014.71185,3215.056297,196.5858166,1234.295631,111.5099514,1064.010391,1788.942742,0.426674732
20.29564574,1,223.1028699,229.9861269,1129.251213,379.3176203,437.9519823,1110.876899,1047.195972,1484.463854,18017.64348,4008.958134,96.36637875,1453.3378,83.56470286,1203.974679,1759.665111,12.9071712
11.89165706,1,235.1826104,235.1262161,790.4017598,40.86345856,305.3326201,704.094558,355.172831,1025.161761,16422.67297,1949.883089,-272.4209194,1285.465042,-292.7524871,1052.91487,1257.245912,0.352604864
18.77329592,1,232.9749884,232.8321519,1123.373107,167.3512825,381.5326759,854.2271443,915.4634786,1402.509609,17957.6329,3264.874517,-48.65699327,1307.816129,-193.0624652,1118.147244,1747.283619,0.42294392
18.62424352,1,220.5068217,220.6770276,1078.089068,133.6479079,259.9067317,539.1580906,540.9765547,1367.222408,17214.86855,3185.669883,-132.0892832,1303.144385,-181.6582275,1043.384167,1744.922963,0.770224008
15.46238986,1,215.0080217,214.9621686,1079.596775,145.1564095,350.8130959,775.1354931,512.4915252,1422.42921,17878.48514,2980.878614,-559.6677686,1373.980941,-798.9945119,1031.629222,1735.164882,0.392258913
15.66211717,1,218.9761428,219.2230014,1092.707972,52.99066863,184.5710902,332.9358992,587.3133883,1357.343347,17295.15626,2927.695844,-712.4415431,1293.493057,-750.9986221,1097.195362,1746.120795,0.590319109
22.20396587,1,206.3446946,206.3083677,1130.3019,232.1836402,419.4842995,933.6726733,666.2116362,1526.046037,15370.8264,4537.038429,492.1061991,1114.05235,352.1490724,1059.067464,1765.597054,0.707186117
25.00725283,1,205.8272307,205.7091415,1139.49168,359.7139392,493.7594348,1133.908435,989.7834728,1569.443307,14845.85055,5910.324628,650.2441666,1112.304799,508.4584663,925.4519518,1788.515106,0.462416817
23.87631053,1,220.357906,220.4755095,1133.938541,223.1607705,385.1110321,954.7578817,799.4224093,1536.843182,15222.37518,4519.014805,217.8137311,1151.472855,80.17887496,995.8295783,1814.112658,0.406623513
21.91021085,1,204.6598079,204.5440801,1132.325191,314.923558,303.1364315,618.4561704,1004.967428,1474.820981,15683.81348,4366.41887,27.81406042,1208.679657,72.52022184,1121.868091,1792.139095,0.434369401
20.22554182,1,218.8829097,218.9220356,1126.099152,161.282983,365.9612915,740.750382,668.0840392,1452.420485,17112.15011,4525.661205,-61.71551705,1346.157898,-113.2553983,1179.651837,1783.735822,0.393948005
22.50482551,1,200.5332095,200.7516695,1166.097603,237.1114164,489.1521773,1153.666602,613.9151983,1495.962192,15873.55597,3578.582518,103.5780442,1356.289499,213.3226011,1082.667977,1788.675469,0.315863555
21.74310688,1,210.5838087,210.6239047,1096.289495,190.7647255,414.0331603,964.9023739,565.283804,1537.347401,18082.52868,4801.932288,94.3240161,1182.580356,264.5784482,1045.982298,1791.071887,0.293528143
17.84933056,1,211.4883284,211.4975323,1105.104931,196.6819643,274.9702327,596.4272875,549.0412136,1405.262459,16611.61085,3475.528972,-30.75740648,1339.023662,190.1042702,1139.52543,1743.516583,0.408147789
16.37403084,1,207.2845156,207.3028384,1114.621975,57.46350949,268.6552997,624.0002531,481.6110851,1383.152019,16355.96055,2856.746929,-688.1008368,1299.743935,-643.4439362,1124.19139,1762.80801,3.522671302
18.65875176,1,212.6284229,212.5599169,1145.943932,240.6571498,317.4248166,756.409468,758.925602,1478.740784,17400.58355,3429.745342,-351.2390866,1344.06476,-235.0329296,1209.0355,1784.853849,0.363639406
17.5448461,1,216.4024772,216.2239763,1074.458169,154.7557271,286.4610871,638.1848485,820.2380211,1305.041285,17761.60846,3281.537469,346.4628107,1267.213675,409.6575479,1040.593599,1769.295579,0.364251157
21.53960976,1,237.7532994,237.8112313,1130.622274,124.1286039,351.1059933,819.2817279,610.1711836,1427.519349,17304.56527,3087.147583,-237.8633074,1282.89343,-168.7276649,1036.126036,1780.323392,0.405593278
21.4390574,1,223.1250396,223.1545964,1127.057976,101.7819783,332.4005556,740.7798724,714.5617186,1331.744854,18590.59169,3624.930634,-191.8465764,1338.286581,-251.065676,1104.81875,1793.451365,2.071051963
8.410747172,1,242.4425262,242.4046782,281.1538283,-28.7810306,183.4919603,407.2207115,-149.7671019,489.7390233,7517.127507,960.5040492,81.55275919,959.9013884,133.5426075,792.8267529,290.0217864,0.249494686
9.226838031,1,260.0797656,260.0661306,276.6548207,-105.4724283,101.5140147,228.7779156,-303.752022,475.2451916,7729.2875,985.9402742,-64.44292846,948.7657175,-39.14497511,736.785582,346.9466855,1.794807858
21.24991455,1,227.7585702,227.8721731,1144.940325,574.8717392,457.5021911,992.2689111,1727.217251,1381.11524,18812.94301,4980.552822,206.952096,1419.465453,318.1501811,1179.110239,1777.977417,0.402453361
19.57865732,1,218.8570368,218.8841633,1114.961869,310.226239,362.6911526,836.208875,1223.159967,1437.740441,19641.74761,4220.690675,-198.1728912,1359.049541,-31.25849924,1216.360442,1786.361868,0.597437585
21.35416423,1,223.688794,223.6598586,1145.568441,261.1181909,379.2186359,755.9376313,1178.749526,1351.047009,18297.30191,3727.222844,-244.8589854,1443.245265,-270.2684756,1086.036983,1768.052573,0.423902025
13.57110636,1,215.4103243,215.4390441,1021.270437,28.36952219,175.0464447,381.2696855,406.1496574,1171.277697,16767.02359,2631.418945,-465.1111365,1218.921461,-333.0005902,1065.072236,1647.426476,2.478133415
7.632064404,1,220.5622323,220.6092258,243.0167581,-30.79571119,134.9443735,252.2812882,-322.4586299,282.3055913,6536.993541,1130.337478,-162.5577595,975.8432662,-13.23564083,792.9266888,265.5023589,0.253848568
8.882480601,1,243.3713536,243.347445,355.5872568,-56.08421437,161.8790628,437.9195969,-135.0418988,559.7015319,10988.63488,749.8202917,-66.19909597,1002.97628,-75.39763581,831.6852625,511.3008201,0.330479547
15.67081672,1,207.8573442,207.891106,1087.662378,43.67393934,231.3296277,523.7939027,421.1172078,1385.242568,16306.65792,2303.145303,-578.9446295,1244.102709,2868.133091,60642.03874,1753.316825,0.386455994
16.41390381,1,197.030713,196.9280587,1069.621564,32.15687905,199.1335516,419.8128583,478.797913,1379.953195,16441.51247,2170.636089,-564.2831232,1193.50002,-545.9546573,1008.5855,1744.906776,0.261970594
16.22635588,1,204.5593834,204.5437441,1100.841324,41.02123948,297.1471295,645.7342375,429.6004469,1404.371628,17378.16799,2488.414335,-476.1937228,1284.390085,-442.413973,1101.626558,1742.3579,0.279605258
13.91444884,1,228.8456336,228.684721,954.686732,-53.25204417,232.6277392,495.9260396,164.3104935,1264.99575,16770.85328,2036.857126,-387.0376529,1301.120668,-354.9113817,1012.904085,1542.802096,0.25959538
16.56078131,1,203.0705418,203.0520394,1096.569678,51.33112894,257.3551916,583.9531006,522.4858731,1431.279663,17132.6661,2737.553317,-550.444085,1342.275677,-674.7659663,1031.047135,1758.351711,0.306438628
15.15892034,1,216.5893501,216.6792251,1089.90614,88.85058711,286.0919464,629.9866832,630.5478369,1413.698237,16893.30414,2879.636731,-712.7561497,1326.486737,-755.3147215,1057.339991,1745.131511,1.271412463
18.09219317,1,208.3358113,208.1745136,1106.604601,96.11338849,246.8268277,529.721354,655.6783213,1480.728916,17105.91042,3474.833034,-351.6739339,1315.755867,-328.6477411,1020.198384,1747.541857,0.446004771
16.89353933,1,226.7115231,226.5368538,1138.06665,121.9320421,283.2487943,668.0875088,680.4527672,1492.457873,17561.73201,2588.90087,-443.1573318,1322.549829,-459.6266273,1044.504538,1745.034766,0.386983336
15.50016043,1,231.2029403,231.1956957,1097.644479,85.90155925,233.7937883,527.4506385,591.0954873,1400.836513,17357.23376,3080.484364,-430.934474,1306.582513,-309.6217549,1020.902944,1770.560418,3.237391249
9.971085055,1,222.516349,222.5142381,554.5127504,-84.80131277,147.7445344,359.7126399,-61.28687224,731.0725231,13497.67265,1172.468346,163.1964962,1119.303264,67.03508538,886.1170503,915.1329861,0.330084279
10.93108107,1,215.4312378,215.416207,638.3311685,-60.46945882,153.3398941,334.6463074,37.68212158,846.6449531,14445.70104,1732.380476,-42.38593941,1172.616535,-87.87388535,920.5373019,1004.174627,0.279199215
10.7638321,1,222.3439826,222.3522319,743.2873438,-84.06401594,150.7416376,318.4564063,-2.592591512,952.146932,15157.78472,1736.586105,-252.4305563,1229.365637,-285.3304445,959.9131086,1212.11187,0.376191092
14.86175801,1,206.4737565,206.4540471,1070.456372,75.8758476,180.8507817,405.8936719,513.9857964,1371.122594,16733.69666,2873.561066,-546.2910135,1277.52054,3257.290788,60650.82461,1735.20102,0.329250471
13.82767077,1,217.0147895,216.9346632,952.2868019,23.86371792,240.6474743,527.6275776,471.5186128,1264.166302,16150.30515,2283.272725,-780.117929,1280.419658,3097.934987,60643.2147,1578.36703,1.064909118
13.91488382,1,215.037357,219.1829369,1045.455761,17.36551137,158.5621305,287.8754799,371.7571016,1277.866517,15931.33759,2605.098071,-974.4240896,1273.391011,2953.620511,60637.12893,1696.162674,2.666078378
14.40191397,1,207.3014124,207.1779554,907.1107025,-6.115878611,234.3541758,441.3699053,413.7596968,1089.664048,15972.41134,2302.986224,-1001.181371,1280.025564,2895.023467,60637.88456,1467.637168,1.647739949
10.98066854,1,216.9625452,217.2878406,672.2172621,-3.814581981,181.4690345,440.0428628,209.5317878,866.8216942,13855.49044,1792.096786,-654.173138,1177.585953,3317.128498,60649.18613,1083.345255,0.336762735
8.504992363,1,216.5801834,216.5686373,204.9141365,-138.6988382,71.89037721,145.3217731,-469.3351436,233.1412775,6374.513329,764.5269453,611.0579934,894.2787984,4492.930734,60689.02012,221.7314071,0.190775006
17.30104104,1,218.0405841,217.6700436,1094.745042,86.22593637,243.2630724,436.5335765,607.3249435,1337.641281,17906.87503,3217.738912,-524.5870671,1295.134984,3351.483777,60647.03899,1753.461378,2.147015189
17.4919238,1,215.4319907,215.5657161,1064.890601,-33.24947211,192.6950482,372.9830512,305.5378018,1280.224863,17120.48762,2719.41046,-615.2750111,1236.322138,2973.011135,60644.58912,1762.041954,0.496275421
10.90092261,1,220.8493513,220.8413241,765.3242133,-28.82021324,180.1663701,318.5153853,67.28452262,821.4333248,15419.69053,1965.431606,-164.6657282,1241.037482,3707.038958,60658.78152,1207.173352,0.310612836
11.10079491,1,221.5151973,221.5223644,672.2517108,-91.84680572,128.3944607,242.6086323,-163.2736432,954.3477959,14054.05241,1568.632336,-295.7149669,1122.467855,3500.119671,60656.54604,1071.112081,0.793170014
6.431960341,1,212.0958366,211.9919181,191.4630454,-212.6003386,62.31413146,43.13960647,-668.0499546,240.6457932,5234.916112,527.9996158,-282.7082941,852.1858692,-308.0119072,666.3272474,194.9533389,0.286669376
6.779072629,1,212.8146533,212.8575511,195.5601509,-200.2718824,75.79286039,104.5078862,-606.560962,268.4174107,5146.251694,489.9842965,-328.5095529,867.3546864,-335.7154501,675.823071,198.5396839,6.886189374
5.355317777,1,255.6294992,255.6279273,151.1051787,-151.0988561,82.73139893,154.7290205,-610.6949065,241.1610574,3868.785618,509.4615997,629.4222258,806.3102135,610.2435728,645.9523123,120.712194,0.124964381
5.368512104,1,208.1040903,208.1468691,191.3103226,-187.1992003,77.94552168,155.6726942,-682.89165,423.7863054,4630.744102,407.7778302,611.7739083,822.116522,599.3833078,653.6140068,180.2070499,0.180023159
6.823367869,1,213.6139148,213.6205744,196.276685,-154.7151927,77.56899724,143.7588138,-619.5695925,402.4502527,4828.846317,509.3980182,613.837923,833.4761508,592.0191817,654.2504514,180.3418154,0.199539495
4.7159729,1,259.6652997,259.6615812,88.2706466,-166.3073653,71.45490892,197.2238264,-677.8221421,283.3429008,2885.911409,461.5849639,685.8475413,773.2463147,624.8473727,607.6223984,58.56418822,0.077926339
6.337787646,1,205.5622294,205.5770684,194.762088,-146.5685824,99.1318258,181.2403533,-498.1763187,311.0065564,4833.331839,104.2342862,108.4527464,827.9734872,80.81853496,694.86398,184.0723371,0.18267868
6.960675863,1,225.3805405,225.3377088,207.4162647,-191.6427348,64.77178671,71.09593958,-600.4465236,256.05464,5048.728274,682.5352727,-233.8073783,850.1664928,-249.9582203,686.6108536,198.5641525,0.286212118
6.510836316,1,213.5876883,213.7143165,210.1388647,-208.5587265,80.0711005,122.8800334,-611.8941642,251.0996389,4863.810672,533.9134676,-215.7393372,836.9138903,-245.2681555,664.6498367,186.3991135,0.264966615
5.461452361,1,206.4084474,206.5637937,178.7675303,-219.3309138,64.75513706,50.6300164,-699.8095904,126.3336981,4126.641103,362.3606327,-165.021197,801.023648,-172.8109818,636.7097431,141.3143856,0.204017812
12.15278843,1,196.3154488,196.2477802,794.2313133,53.42321107,217.2527799,409.8747948,325.3876835,938.4844701,14788.01679,1773.176884,-379.4999211,1214.149325,-276.9177452,1029.797901,1230.307103,0.924034522
11.99554396,1,216.9675016,216.8781533,830.7768509,-116.0396557,144.650896,245.2037357,161.6256498,958.913594,15273.2391,2222.357893,-941.097566,1183.9499,-888.3736701,992.767474,1304.435693,0.829946536
11.68033004,1,225.2739357,225.3086129,780.1302889,-52.3578912,125.9150493,202.1191337,189.7219861,880.0859739,14903.04985,1951.746304,-411.2330249,1131.395933,-323.0480953,978.3635063,1204.625605,0.271754077
5.549462871,1,208.1798713,208.1632831,201.3452454,-175.5203743,48.89175535,43.4050147,-661.7082869,189.8879866,4620.22313,378.5520481,627.5311897,834.6977678,581.9293947,644.095051,186.4488036,0.123878072
10.86844397,1,236.3513826,236.3652138,627.6669817,-91.23768923,141.8783935,341.9007992,-109.7578895,841.490084,13207.29746,1185.079759,-119.039855,1185.689757,-205.0132896,978.8900478,909.1863615,0.17157347
13.04681281,1,254.5765216,254.6133048,801.38632,79.58132805,149.2991881,356.6457007,399.5579804,1022.874856,14778.78743,1785.023004,-126.5919912,1261.351895,-165.323971,1008.621645,1247.309022,0.60167439
8.34042546,1,237.0844502,237.1293862,408.0469717,-86.17074435,111.5393076,311.1134451,-105.7462573,554.4773021,11291.42824,781.3937261,25.60200059,988.5720148,-20.11651871,830.2075555,572.065032,0.288633403
10.49465304,1,245.0305363,245.0686933,660.2681367,-49.10635687,176.1359726,517.3651263,-151.4716327,829.1198104,14015.07491,1131.324317,-29.21762181,1114.305678,-39.95659289,893.171006,1059.961924,0.203511504
9.057703861,1,219.3094873,219.4443055,564.7842213,-100.6217362,102.014676,136.5338121,22.29495181,687.8234557,13225.68242,1849.364577,-448.752269,1084.954103,-516.3826301,895.5534633,853.1491082,0.299504905
4.772520015,1,231.0894348,231.0874798,177.3562796,-212.6844821,68.87758411,186.9023954,-821.9876263,447.6614851,4277.260796,121.40918,541.8333829,863.7318724,596.7843769,697.9851587,174.2374624,0.213247012
6.840476996,1,208.6932038,208.7471633,209.2110449,-172.2162172,66.13302532,117.3949301,-478.067679,297.0286529,5742.931108,378.3490417,-142.692708,936.6469615,-214.6347121,681.4923888,203.512458,0.213862282
5.722439044,1,203.0542145,203.0244591,155.9854193,-162.0029603,90.55304063,217.0704637,-575.8257005,372.630245,3910.303422,273.2249631,-144.3390767,867.7964302,-212.2295975,635.13466,124.3640397,4.767969705
5.232364051,1,219.6220735,219.6490435,141.1506364,-142.2282281,85.13866188,206.5426041,-538.3171813,370.9413115,3665.154137,326.0420121,-59.72282595,842.4944635,-166.8182485,615.0801398,107.377932,0.174189393
5.471094369,1,214.2107594,214.1002245,170.9063241,-160.1670716,84.92976196,182.0070881,-561.8463511,324.1085468,4150.345472,303.2663689,-134.9878017,872.4502487,-236.2337833,632.6891742,141.4777606,0.163639371
4.692919076,1,218.6333058,218.6356514,131.1834628,-147.7945181,101.4954055,228.8663849,-542.611216,329.6840882,3386.546372,324.553558,702.790173,859.2482824,581.9881474,635.9474572,98.85570401,0.122352077
8.150122671,1,209.4192365,209.4217997,326.7536475,-134.5240582,107.1727012,184.0418845,-198.2232484,464.7504429,9737.362398,534.4767574,-458.8491355,1018.433792,-620.6440979,764.3566518,479.8774807,0.257594196
8.130766158,1,215.5234868,215.5964523,290.3987263,-120.6400157,72.04622957,129.0139124,-221.7147369,421.573623,8461.409499,797.3895254,-463.2030615,997.9269643,-606.3899972,742.9521786,389.7223297,0.297510273
8.032823656,1,203.0098734,203.0882809,291.4666377,-99.3169039,78.66477676,131.2551374,-184.7587427,424.3524953,8570.438579,668.2033036,-414.5902395,1005.710358,-544.2441284,743.8933372,389.7972413,0.296285152
8.576328423,1,215.5901249,215.5338447,327.7216575,-90.9763197,137.3632413,229.8395484,-100.2666705,465.8895883,9793.555519,752.201471,-377.4291486,1049.453916,-460.4902217,777.0653082,469.8585268,0.285675622
8.557624378,1,208.4126038,208.3942207,321.6081515,-126.2701888,115.2937983,208.0170943,-217.239578,419.9373987,9628.721944,582.5553565,-342.1217722,1032.873844,-478.0177066,782.5823107,451.7890244,0.306341277
6.04178525,1,216.9454014,216.9209202,218.2377674,-220.506001,90.3218306,154.5815715,-590.5526695,360.7725299,5717.859495,706.3536119,678.7384559,891.3421788,510.9951355,678.0876334,198.579963,0.142944872
