RAO,Coeff,Res_Spec,phase,Norm_Spec,
1+0j,0,0,0,0,
1.0000046477760898-0.00022470160301405227j,0,0,0.000224701,0,
1.000012597905117-0.0003921277297885522j,0,0,0.000392123,0,
1.0000234075597063-0.0005107058012333376j,0,0,0.000510694,0,
1.0000366218624523-0.0005888624443687423j,0,0,0.000588841,0,
1.0000517776474813-0.0006350239188891825j,0,0,0.000634991,0,
1.00006840651167-0.0006576164677725652j,0,0,0.000657571,0,
1.000086037155721-0.000665066590339796j,8.89E-135,0,0.000665009,0,
1.0001028920832649-0.0008201327331368696j,3.95E-79,9.879597696567e-311,0.000820048,0.00E+00,
1.0001027782067209-0.0009491836805740069j,1.45E-49,1.79E-192,0.000949086,1.31E-190,
1.0001741895253051-0.0012325185605760115j,1.03E-32,4.63E-125,0.001232303,3.39E-123,
1.0000949106365395-0.0014020318972942079j,1.49E-22,1.98E-84,0.001401898,1.45E-82,
1.0001227043634071-0.0017687117387807161j,3.77E-16,8.21E-59,0.001768493,6.01E-57,
1.0000953665155994-0.0020307145114472104j,5.84E-12,4.73E-42,0.002030518,3.46E-40,
1.0000859995213331-0.00237750092633021j,3.92E-09,9.62E-31,0.002377292,7.04E-29,
1.00010471643637-0.0027138885014415214j,3.56E-07,6.49E-23,0.002713598,4.75E-21,
1.0005132978175384-0.0031787312434956804j,8.63E-06,2.25E-17,0.00317709,1.65E-15,
1.0000952707075554-0.0036427730368438624j,8.58E-05,2.20E-13,0.00364241,1.61E-11,
1.0000756088703073-0.004094500473704032j,0.000460841,1.83E-10,0.004094168,1.34E-08,
1.0000747841712934-0.004628941408096649j,0.001601645,2.67E-08,0.004628562,1.96E-06,
1.0001024687177036-0.005244820756033211j,0.004070497,1.12E-06,0.005244235,8.20E-05,
1.0002614233751366-0.005827537159150109j,0.008231007,1.86E-05,0.005825948,0.001362031,
1.00184656987766-0.006538650837869043j,0.014068663,0.000158634,0.006526506,0.01161637,
1.000728843808473-0.007304348358600135j,0.021115875,0.00080684,0.007298899,0.059082871,
1.0002202787470071-0.008044767609988837j,0.028791147,0.002791408,0.008042822,0.204407811,
1.0001297850299709-0.008910088457258184j,0.036466379,0.007185057,0.008908697,0.526143713,
1.0001016369716833-0.009755998784945593j,0.043613872,0.014701979,0.009754698,1.076589069,
1.0001038080849018-0.010843240810735903j,0.049878308,0.025148521,0.010841691,1.841563153,
1.0001347660177733-0.011903705572975648j,0.055069405,0.037365413,0.01190154,2.73617553,
1.0002060715922878-0.013020979082487397j,0.059131362,0.04966218,0.013017561,3.636636953,
1.0003395005895683-0.014371630073567081j,0.062103542,0.060407078,0.014365764,4.423458899,
1.0005742619189713-0.015819711479625718j,0.064084309,0.068455198,0.015809315,5.012802553,
1.0011584233764257+0.00032763501168757317j,0.06520543,0.073305442,-0.000327256,5.367973763,
1.0020433626085756-0.001314494349578741j,0.065616219,0.075037412,0.001311813,5.494801584,
1.0038918433631956-0.0030191366099624538j,0.065482433,0.074152922,0.003007423,5.430032599,
1.0081290008799175-0.004905525981191511j,0.065013674,0.071446859,0.004865932,5.231874389,
1.0162116576143632-0.0068754137485966555j,0.064399096,0.067692054,0.006765627,4.956919431,
1.0205671125102451-0.009016238038812682j,0.063241505,0.062416378,0.008834307,4.570594902,
1.0153352119909345-0.01124129438911926j,0.061277539,0.055582742,0.011071058,4.070184867,
1.0088060413573068-0.01378500010446309j,0.059106023,0.048734594,0.013663818,3.568712155,
1.0053676065601616-0.016567939941289897j,0.057036851,0.04254625,0.016477993,3.115555237,
1.0034356380445584-0.019932638043092126j,0.055008494,0.036946684,0.019861779,2.705513055,
1.002358612128382-0.018429645484775565j,0.053004682,0.031920575,0.018384208,2.337463692,
1.001783490647367-0.008221246604302311j,0.051027371,0.027456337,0.008206426,2.010558734,
1.0012248127792622-0.011132176626888906j,0.04908303,0.023529646,0.0111181,1.723016995,
1.0007552527660988-0.015181979007563455j,0.047181974,0.020107384,0.015169358,1.472413327,
1.0003465385405104-0.019056842541036706j,0.045332341,0.017146713,0.019047937,1.255610811,
0.9999210709125885-0.023958264951118385j,0.043539015,0.014599585,0.023955573,1.069091013,
0.9995556887374101-0.027253439490578037j,0.041807676,0.012419216,0.0272588,0.909428056,
0.9994626357796298-0.02250440831372479j,0.040142544,0.010560224,0.022512704,0.773298732,
0.9993334954603921-0.018631916126684495j,0.03854239,0.008978206,0.018642183,0.65745152,
0.9989565408464653-0.024179315189986804j,0.037005853,0.007633803,0.024199846,0.559004258,
0.9985694425966594-0.028891230002253177j,0.035534451,0.006493596,0.028924551,0.475509758,
0.9983875608121655-0.02708085962345014j,0.034128344,0.00552777,0.027117947,0.404784741,
0.9982293644972353-0.024216609773028457j,0.032785007,0.004709684,0.024254807,0.344878354,
0.9980104951131591-0.022583086520839218j,0.031501791,0.00401657,0.022624244,0.294123353,
0.997761745414819-0.021314433982633125j,0.030276909,0.003429265,0.021358999,0.25111648,
0.9974601786165167-0.021496756775134414j,0.02910816,0.002931386,0.021548158,0.214658049,
0.9969602569638867-0.028505504087023462j,0.027993142,0.002509012,0.02858463,0.183728659,
0.996345659831981-0.0368094138514025j,0.026929799,0.002150437,0.036927627,0.157471111,
0.9958902386071673-0.0395843362518553j,0.025916122,0.001845773,0.039726777,0.13516133,
0.9954882835657615-0.04071644538813056j,0.024949764,0.001586625,0.040878194,0.116184572,
0.9950660341515309-0.041787821871324536j,0.024028103,0.00136589,0.041970363,0.100020701,
0.9945610780565912-0.04386713710877215j,0.023148587,0.0011776,0.044078463,0.086232696,
0.9939494922287314-0.047254951921532284j,0.022309075,0.001016773,0.047506837,0.074455738,
0.9933312054836924-0.05014301813271308j,0.021508022,0.000879256,0.050436845,0.064385713,
0.9928246290098958-0.0507566114765159j,0.020743928,0.000761539,0.051078972,0.055765592,
0.9924004881637507-0.049915378483991545j,0.020015021,0.000660632,0.050255265,0.048376425,
0.9919819679576926-0.048728957714115936j,0.019319087,0.000573983,0.049083371,0.042031336,
0.9915114451510907-0.0479134461711528j,0.018654002,0.000499444,0.048286082,0.036573032,
0.9909443629987562-0.04803983955644013j,0.018017859,0.000435213,0.048440922,0.031869557,
0.9902925206455904-0.048938531523481196j,0.017409257,0.000379788,0.049378088,0.027810923,
0.9895738115512104-0.050351981113164995j,0.016826914,0.000331899,0.050838648,0.024304132,
0.9888054240098562-0.052036100173884194j,0.016269599,0.000290463,0.052576717,0.021269877,
0.9879853578740269-0.05405465087332339j,0.015736084,0.000254562,0.054657502,0.018640937,
0.9870577816409648-0.05718231521172192j,0.015225015,0.000223407,0.057867406,0.016359535,
0.98604461120617-0.06091944657911199j,0.014735285,0.000196333,0.061703207,0.014376973,
0.9849829292868757-0.06464151038555611j,0.014265865,0.000172773,0.065533062,0.012651734,
0.983918832048229-0.06772689313379972j,0.013815781,0.000152243,0.068725416,0.011148373,
0.982871537987312-0.07002008160907669j,0.013384095,0.000134329,0.071120165,0.009836576,
0.981812695500913-0.07193437916574762j,0.012969844,0.000118676,0.073136227,0.008690346,
0.9807174229449108-0.07375511590651221j,0.012572095,0.000104978,0.075063964,0.007687276,
0.9795585647198565-0.07576633798486601j,0.012189975,9.30E-05,0.077193735,0.006810157,
0.9783065518811009-0.07825065805039054j,0.011822661,8.24E-05,0.079815902,0.006033945,
0.9769117705792432-0.08172719513306427j,0.011469417,7.32E-05,0.083464373,0.005360253,
0.9753413855550895-0.08645522399793867j,0.011129591,6.50E-05,0.088409919,0.004759787,
0.9736222346285406-0.09191043404973247j,0.01080251,5.79E-05,0.094121583,0.004239872,
0.9717912893141867-0.09755815118497832j,0.010487539,5.15E-05,0.1000548,0.003771216,
0.9698972314478002-0.10286732280820668j,0.010184079,4.60E-05,0.105665006,0.003368465,
0.9680000593240634-0.10731098612070741j,0.009891565,4.10E-05,0.110407634,0.003002327,
0.9661186220813722-0.11075887653412092j,0.009609423,3.66E-05,0.114144815,0.002680126,
0.9641993751551005-0.11370234389420247j,0.009337128,3.28E-05,0.117381995,0.002401862,
0.9622254391829674-0.11633656749834477j,0.009074266,2.93E-05,0.120319652,0.002145566,
0.9601779647046246-0.11885106189441234j,0.008820443,2.63E-05,0.123153823,0.001925883,
0.9580360044100075-0.12143383397910926j,0.008575288,2.36E-05,0.126080545,0.001728169,
0.9557765638592811-0.12427121755767268j,0.008338443,2.12E-05,0.129295854,0.001552423,
0.9533743063879061-0.1275475538489789j,0.008109572,1.90E-05,0.132995667,0.001391322,
0.9508189540109828-0.13131780538184235j,0.007888357,1.71E-05,0.137242,0.00125219,
0.9481121959295682-0.13548039154326638j,0.007674425,1.54E-05,0.14193405,0.001127703,
0.9452478727586662-0.13996616206738127j,0.007467395,1.38E-05,0.147005311,0.001010539,
0.9422206856436859-0.14470621238786915j,0.007266905,1.25E-05,0.152389276,0.000915344,
0.9390264062762186-0.14963194861663245j,0.007072617,1.12E-05,0.15801944,0.000820148,
0.9356620388350095-0.15467516502138612j,0.00688421,1.02E-05,0.163829296,0.00074692,
0.9321259338184471-0.15976813283551802j,0.006701386,9.17E-06,0.16975234,0.000671496,
0.9284178062963213-0.16484387695119876j,0.006523859,8.28E-06,0.175722258,0.000606324,
0.9245086794126968-0.1699563718843816j,0.006351312,7.49E-06,0.181804372,0.000548474,
0.9203727713503612-0.17517932826372937j,0.006183498,6.77E-06,0.18808544,0.00049575,
0.9160092028571163-0.1805004772917129j,0.00602025,6.13E-06,0.194558327,0.000448885,
0.9114172747876031-0.18590743913374905j,0.005861408,5.54E-06,0.201215896,0.00040568,
0.9065964832133756-0.19138773876215417j,0.005706818,5.02E-06,0.208051013,0.000367602,
0.9015465335057279-0.19692882213850227j,0.005556334,4.55E-06,0.215056541,0.000333185,
0.8962673533508031-0.20251807271741704j,0.005409815,4.12E-06,0.222225344,0.000301697,
0.8907591046593649-0.2081428282508301j,0.005267126,3.74E-06,0.229550286,0.000273871,
0.8850221943366061-0.21379039786793852j,0.005128138,3.39E-06,0.237024232,0.000248241,
0.879039605239003-0.21946918470269874j,0.00499266,3.08E-06,0.244667372,0.000225541,
0.8727387576960969-0.2252452484606574j,0.004860304,2.79E-06,0.252578278,0.000204305,
0.8661163940543164-0.2310910758497546j,0.004730948,2.53E-06,0.260738965,0.000185266,
0.8591787093418913-0.2369687437595608j,0.004604509,2.30E-06,0.26911766,0.000168423,
0.8519328137432036-0.24284086476289934j,0.004480905,2.09E-06,0.277682595,0.000153045,
0.8443867518642036-0.24867069028502437j,0.004360056,1.90E-06,0.286402,0.000139132,
0.836549507382463-0.25442221177113766j,0.004241888,1.72E-06,0.295244102,0.000125951,
0.8284309933249006-0.26006025924354487j,0.004126324,1.56E-06,0.304177133,0.000114235,
0.8200420283084556-0.2655505966324373j,0.004013296,1.42E-06,0.313169322,0.000103983,
0.8113942991688312-0.2708600132719693j,0.003902732,1.29E-06,0.322188899,9.45E-05,
0.8025003104889847-0.2759564109756147j,0.003794568,1.17E-06,0.331204093,8.57E-05,
0.7933647551252909-0.28081181438688135j,0.003688706,1.06E-06,0.34018981,7.76E-05,
0.7838187599550971-0.28546263368691077j,0.003584447,9.64E-07,0.349264039,7.06E-05,
0.7738193801992485-0.28991261306983585j,0.003481603,8.75E-07,0.358465125,6.41E-05,
0.7634032248251674-0.29414125613051995j,0.003380278,7.93E-07,0.367772363,5.81E-05,
0.7526072539069698-0.2981297201598057j,0.003280561,7.18E-07,0.377165045,5.26E-05,
0.7414687083258563-0.30186092304203005j,0.003182538,6.51E-07,0.386622468,4.77E-05,
0.7300250341827244-0.3053196354493714j,0.003086283,5.89E-07,0.396123926,4.31E-05,
0.7183138029060522-0.308492558240555j,0.002991863,5.33E-07,0.405648714,3.90E-05,
0.706372628096268-0.3113683850301451j,0.002899341,4.82E-07,0.415176125,3.53E-05,
0.6942390801929549-0.31393784995632906j,0.002808769,4.36E-07,0.424685454,3.19E-05,
0.6819506000833947-0.31619376073856964j,0.002720197,3.94E-07,0.434155997,2.89E-05,
0.6695444127902103-0.3181310171805053j,0.002633667,3.56E-07,0.443567048,2.61E-05,
0.6570574423824512-0.3197466153367902j,0.002549216,3.21E-07,0.4528979,2.35E-05,
0.6445262292485997-0.3210396376238778j,0.002466877,2.90E-07,0.46212785,2.12E-05,
0.6319260884126224-0.32204470882099734j,0.002386548,2.62E-07,0.471317143,1.92E-05,
0.6187262019883412-0.32304922538191333j,0.002307039,2.36E-07,0.481186483,1.73E-05,
0.6048891556040623-0.3240205412832519j,0.00222823,2.13E-07,0.491774209,1.56E-05,
0.5905335010857363-0.3248443441188436j,0.002150324,1.91E-07,0.502909408,1.40E-05,
0.5757784111718052-0.3254170686682902j,0.002073506,1.72E-07,0.514421166,1.26E-05,
0.5607432332335711-0.32564694691267415j,0.00199795,1.54E-07,0.526138571,1.13E-05,
0.5455468700569237-0.32545474026230936j,0.001923817,1.38E-07,0.53789071,1.01E-05,
0.5303070298890376-0.32477415535152626j,0.001851255,1.23E-07,0.549506669,9.01E-06,
0.5151393911761282-0.3235519485029079j,0.001780401,1.10E-07,0.560815536,8.06E-06,
0.5001567285936901-0.3217477281140439j,0.001711382,9.86E-08,0.571646397,7.22E-06,
0.4854680461714288-0.31933346840848725j,0.001644313,8.80E-08,0.581828339,6.44E-06,
0.4711777606551641-0.3162927518551515j,0.001579303,7.85E-08,0.59119045,5.75E-06,
0.45738497387764243-0.3126197607564236j,0.001516449,7.00E-08,0.599561816,5.13E-06,
0.4441828670067318-0.3083180407382627j,0.001455841,6.25E-08,0.606771524,4.58E-06,
0.43165824229367467-0.30339905991065225j,0.001397562,5.57E-08,0.612648661,4.08E-06,
0.41989122954341884-0.29788058714583465j,0.001341687,4.97E-08,0.617022314,3.64E-06,
0.40895516513926994-0.29178491117596117j,0.001288283,4.44E-08,0.61972157,3.25E-06,
0.3989147996850209-0.2851372933047811j,0.00123741,3.96E-08,0.620578321,2.90E-06,
0.3892951469702038-0.27807430837859515j,0.001188201,3.54E-08,0.62026028,2.59E-06,
0.37969988692899936-0.27072338214070035j,0.001139993,3.16E-08,0.619393012,2.31E-06,
0.3701401913675174-0.2631300929737501j,0.001092849,2.81E-08,0.617999391,2.06E-06,
0.360627559813181-0.25533912344332543j,0.001046824,2.50E-08,0.616102294,1.83E-06,
0.35117401713258545-0.2473941484442345j,0.001001971,2.22E-08,0.613724595,1.63E-06,
0.3417922919006367-0.23933772992462915j,0.000958339,1.97E-08,0.610889171,1.44E-06,
0.3324959753614712-0.23121121774545433j,0.000915972,1.74E-08,0.607618896,1.27E-06,
0.3232996609540365-0.2230546564367024j,0.000874911,1.54E-08,0.603936647,1.13E-06,
0.31421906449943937-0.21490669779970123j,0.000835193,1.36E-08,0.599865299,9.96E-07,
0.3052711252643935-0.20680451947537368j,0.000796853,1.21E-08,0.595427728,8.86E-07,
0.29647408822612814-0.1987837497514142j,0.000759922,1.06E-08,0.590646809,7.76E-07,
0.2878475679694834-0.190878399016257j,0.000724428,9.38E-09,0.585545417,6.87E-07,
0.27941259474685864-0.18312079838435044j,0.000690397,8.27E-09,0.580146429,6.06E-07,
0.27119164332610285-0.17554154611554523j,0.000657852,7.29E-09,0.574472721,5.34E-07,
0.2632086453401567-0.16816946253156737j,0.000626813,6.43E-09,0.568547166,4.71E-07,
0.2554889859347512-0.16103155419486523j,0.000597299,5.67E-09,0.562392642,4.15E-07,
0.2480594855861326-0.15415298816010342j,0.000569326,5.01E-09,0.556032024,3.67E-07,
0.2409483680288389-0.14755707713686447j,0.000542908,4.42E-09,0.549488186,3.24E-07,
0.23418521529314618-0.14126527641451925j,0.000518058,3.91E-09,0.542784006,2.86E-07,
0.22780091090193993-0.13529719339762317j,0.000494785,3.47E-09,0.535942358,2.54E-07,
0.22182757231648229-0.12967061058366727j,0.0004731,3.08E-09,0.528986118,2.26E-07,
0.21629847374881275-0.12440152278569568j,0.000453009,2.75E-09,0.521938162,2.01E-07,
0.21115259796976127-0.1193382164061169j,0.000434222,2.46E-09,0.514419353,1.80E-07,
0.2061884447159956-0.11414477413017292j,0.000416098,2.19E-09,0.505598659,1.60E-07,
0.20137869691546803-0.10883989963234753j,0.0003986,1.96E-09,0.495499984,1.44E-07,
0.19670401537242324-0.10345294338513265j,0.000381715,1.75E-09,0.484177372,1.28E-07,
0.19214654776822482-0.09801151869341655j,0.000365431,1.56E-09,0.471684866,1.14E-07,
0.18769006144960598-0.09254159812400521j,0.000349735,1.39E-09,0.45807651,1.02E-07,
0.18332004642627517-0.08706758816689683j,0.000334616,1.24E-09,0.443406348,9.08E-08,
0.179023790432827-0.0816123836498489j,0.00032006,1.10E-09,0.427728423,8.06E-08,
0.17479042772183234-0.07619740375920492j,0.000306056,9.81E-10,0.41109678,7.18E-08,
0.17061096312178883-0.07084261178662352j,0.000292594,8.73E-10,0.393565462,6.39E-08,
0.16647827281224978-0.06556652092708408j,0.000279662,7.77E-10,0.375188512,5.69E-08,
0.16238708323456952-0.06038618860146781j,0.000267249,6.91E-10,0.356019975,5.06E-08,
0.15833392956487702-0.0553172018697979j,0.000255345,6.14E-10,0.336113895,4.50E-08,
0.15431709521981882-0.05037365654128092j,0.000243939,5.46E-10,0.315524314,4.00E-08,
0.15033653393838578-0.04556813257703988j,0.000233021,4.86E-10,0.294305278,3.56E-08,
0.1463937760774138-0.04091166832343197j,0.000222582,4.32E-10,0.272510829,3.16E-08,
0.14249182086653867-0.036413736010937656j,0.000212612,3.84E-10,0.250195011,2.81E-08,
0.13863501648293536-0.0320822208091248j,0.000203102,3.42E-10,0.227411869,2.50E-08,
0.13482892991965978-0.027923405545918677j,0.000194041,3.04E-10,0.204215445,2.23E-08,
0.1310802087267906-0.023941962983711672j,0.000185422,2.71E-10,0.180659784,1.98E-08,
0.12739643679534518-0.020140957300675146j,0.000177235,2.41E-10,0.156798929,1.76E-08,
0.12378598642429064-0.016521856158466887j,0.000169473,2.15E-10,0.132686925,1.57E-08,
0.12025786895589387-0.013084554453316504j,0.000162126,1.92E-10,0.108377814,1.41E-08,
0.11682158628010679-0.009827410552589105j,0.000155186,1.72E-10,0.083925641,1.26E-08,
0.11348698549163097-0.0067472955200107015j,0.000148646,1.54E-10,0.05938445,1.13E-08,
0.11026411893178145-0.0038396555365600377j,0.000142497,1.38E-10,0.034808283,1.01E-08,
0.10716311176041884-0.0010985874373776743j,1.37E-04,1.24E-10,0.010251186,9.08E-09,
0.10419403908126154+0.001483072985475561j,1.31E-04,1.11E-10,-0.014232799,8.13E-09,
0.10136681448806402+0.003913650512682561j,1.26E-04,1.01E-10,-0.038589628,7.40E-09,
0.09869045462202494+0.006203371824759568j,1.22E-04,9.11E-11,-0.062774271,6.67E-09,
0.09606472165304424+0.00849610799612183j,1.17E-04,8.26E-11,-0.088211982,6.05E-09,
0.09340541937435011+0.010871022777021849j,1.13E-04,7.49E-11,-0.115864083,5.48E-09,
0.09070410540576641+0.013299603756923111j,1.09E-04,6.78E-11,-0.145588825,4.96E-09,
0.08795405988035045+0.015754697505189104j,1.05E-04,6.15E-11,-0.17724446,4.50E-09,
0.08515045367937336+0.018210540209010063j,1.01E-04,5.57E-11,-0.21068924,4.08E-09,
0.08229045824511534+0.020642816334750413j,9.72E-05,5.05E-11,-0.245781417,3.70E-09,
0.07937329985308059+0.023028739773126604j,9.36E-05,4.57E-11,-0.282379242,3.35E-09,
0.07640026137098813+0.025347151199635622j,9.01E-05,4.14E-11,-0.320340967,3.03E-09,
0.07337463485037198+0.02757862494585112j,8.68E-05,3.75E-11,-0.359524844,2.75E-09,
0.07030162874618034+0.029705578522012277j,8.35E-05,3.39E-11,-0.399789124,2.48E-09,
0.0671882340936836+0.031712378041869486j,8.04E-05,3.07E-11,-0.440992059,2.25E-09,
0.06404305454121381+0.03358543315816687j,7.73E-05,2.78E-11,-0.482991902,2.04E-09,
0.06087610569302163+0.03531327569749915j,7.44E-05,2.52E-11,-0.525646902,1.85E-09,
0.057698589712851765+0.03688661695708885j,7.16E-05,2.28E-11,-0.568815313,1.67E-09,
0.054522651534738176+0.038298379558338536j,6.89E-05,2.06E-11,-0.612355386,1.51E-09,
0.05136112328898852+0.03954370080307807j,6.63E-05,1.87E-11,-0.656125373,1.37E-09,
0.04822726365278469+0.04061990560490382j,6.38E-05,1.69E-11,-0.699983525,1.24E-09,
0.04513449876023395+0.0415264482244653j,6.13E-05,1.53E-11,-0.743788095,1.12E-09,
0.04209617105001157+0.04226482317833672j,5.90E-05,1.38E-11,-0.787397333,1.01E-09,
0.03912530199391345+0.04283844677223559j,5.68E-05,1.25E-11,-0.830669491,9.15E-10,
0.03623437405003927+0.04325251169045792j,5.46E-05,1.13E-11,-0.873462822,8.27E-10,
0.03343513644168544+0.043513817919488225j,5.25E-05,1.03E-11,-0.915635577,7.54E-10,
0.030738438505911826+0.04363058396666113j,5.05E-05,9.30E-12,-0.957046008,6.81E-10,
0.02815409341775393+0.04361224283428946j,4.86E-05,8.43E-12,-0.997552366,6.17E-10,
0.025690774113800083+0.04346922751421383j,4.68E-05,7.64E-12,-1.037012903,5.59E-10,
0.02335594224983726+0.04321275087442164j,4.50E-05,6.93E-12,-1.07528587,5.07E-10,
0.02115581006780255+0.04285458472384223j,4.33E-05,6.28E-12,-1.112229521,4.60E-10,
0.019095334150594195+0.04240684257698008j,4.17E-05,5.70E-12,-1.147702106,4.17E-10,
0.017178239237889335+0.04188177021662682j,4.02E-05,5.18E-12,-1.181561876,3.79E-10,
0.015407069584423165+0.041291547595613105j,3.87E-05,4.71E-12,-1.213667084,3.45E-10,
0.013783264779692852+0.04064810495614394j,3.73E-05,4.28E-12,-1.243875982,3.13E-10,
0.012307256522762438+0.03996295530837577j,3.60E-05,3.90E-12,-1.272046821,2.86E-10,
0.010978582558176849+0.03924704462954934j,3.47E-05,3.55E-12,-1.298037852,2.60E-10,
0.009796013822041958+0.03851062035108537j,3.35E-05,3.24E-12,-1.321707328,2.37E-10,
0.008757690807431688+0.037763117921157274j,3.23E-05,2.96E-12,-1.342913501,2.17E-10,
0.00786126521583909+0.03701306448873884j,3.12E-05,2.70E-12,-1.361514621,1.98E-10,
0.007104043091842637+0.036267998072652574j,3.02E-05,2.48E-12,-1.377368941,1.82E-10,
0.006483125813082821+0.03553439997257465j,2.92E-05,2.27E-12,-1.390334712,1.66E-10,
0.005995545495847907+0.034817637661714175j,2.83E-05,2.09E-12,-1.400270186,1.53E-10,
0.005638391545207814+0.03412191498374719j,2.74E-05,1.92E-12,-1.407033615,1.41E-10,
0.005408925194300956+0.03345022616889311j,2.66E-05,1.77E-12,-1.410483251,1.30E-10,
0.005311287306924923+0.03279851124717973j,2.58E-05,1.64E-12,-1.410253142,1.20E-10,
0.005377763448103932+0.032132946733920864j,2.51E-05,1.51E-12,-1.404973328,1.11E-10,
0.005599763698838876+0.03144760587341068j,2.43E-05,1.40E-12,-1.394576882,1.03E-10,
0.005961782812781911+0.030740290227140466j,2.36E-05,1.29E-12,-1.37923408,9.45E-11,
0.0064485518293037536+0.03000714036743233j,2.29E-05,1.19E-12,-1.359115197,8.71E-11,
0.007044971919086435+0.029243095527406452j,2.22E-05,1.10E-12,-1.334390511,8.06E-11,
0.0077360361013746395+0.02844231659405143j,2.16E-05,1.02E-12,-1.305230296,7.47E-11,
0.008506752736999813+0.027598575357511094j,2.09E-05,9.38E-13,-1.271804829,6.87E-11,
0.009342081958491644+0.026705612316004147j,2.03E-05,8.66E-13,-1.234284386,6.34E-11,
0.01022689371414418+0.025757464428701984j,1.97E-05,7.99E-13,-1.192839244,5.85E-11,
0.011145953823419175+0.02474876316822749j,1.91E-05,7.38E-13,-1.147639677,5.40E-11,
0.01208394231946421+0.023675002181439107j,1.85E-05,6.81E-13,-1.098855963,4.99E-11,
0.01302550635593335+0.02253277292838109j,1.80E-05,6.28E-13,-1.046658377,4.60E-11,
0.013955348060376802+0.021319965919257437j,1.74E-05,5.80E-13,-0.991217195,4.25E-11,
0.014858345922545865+0.020035934672133368j,1.69E-05,5.35E-13,-0.932702694,3.92E-11,
0.015719706626439824+0.01868161931414871j,1.64E-05,4.93E-13,-0.871285149,3.61E-11,
0.0165251426971886+0.017259626871092507j,1.59E-05,4.55E-13,-0.807134837,3.33E-11,
0.01726106997601995+0.015774265739352387j,1.54E-05,4.20E-13,-0.740422033,3.08E-11,
0.017914817803271456+0.014231532596112047j,1.49E-05,3.87E-13,-0.671317014,2.83E-11,
0.018474843927179515+0.012639051044930578j,1.45E-05,3.57E-13,-0.599990055,2.61E-11,
0.01893094560836038+0.011005962563692726j,1.40E-05,3.29E-13,-0.526611434,2.41E-11,
0.019274458191836367+0.009342771754316291j,1.36E-05,3.04E-13,-0.451351425,2.23E-11,
0.019498432593090326+0.007661149410469081j,1.32E-05,2.80E-13,-0.374380305,2.05E-11,
0.019597783698903606+0.005973698434932949j,1.28E-05,2.58E-13,-0.295868351,1.89E-11,
0.019569402606154442+0.00429368906315735j,1.24E-05,2.38E-13,-0.215985837,1.74E-11,
0.01941222688126734+0.0026347710972522845j,1.20E-05,2.19E-13,-0.13490304,1.60E-11,
0.01912726456935421+0.0010106718461402762j,1.16E-05,2.02E-13,-0.052790237,1.48E-11,
0.01871756944768963-0.0005651108633701587j,1.13E-05,1.86E-13,0.030182298,1.36E-11,
0.01818816692137558-0.002079610942088147j,1.09E-05,1.72E-13,0.113844287,1.26E-11,
0.01754593190864734-0.0035206819996990895j,1.06E-05,1.58E-13,0.198025454,1.16E-11,
0.016799421963772293-0.00487726195726824j,1.02E-05,1.46E-13,0.282555524,1.07E-11,
0.015958670642977638-0.006139606149156821j,9.92E-06,1.35E-13,0.367264221,9.89E-12,
0.015034947646778301-0.0072994819908145485j,9.61E-06,1.24E-13,0.451981268,9.08E-12,
0.014040493496727145-0.008350319812144007j,9.31E-06,1.14E-13,0.53653639,8.35E-12,
0.012988237369589263-0.009287316187605825j,9.02E-06,1.06E-13,0.62075931,7.76E-12,
0.011891507181547684-0.010107487946255198j,8.74E-06,9.74E-14,0.704479752,7.13E-12,
0.01076374107619647-0.010809676924404292j,8.47E-06,8.98E-14,0.78752744,6.58E-12,
0.009618209132572848-0.011394507338156862j,8.21E-06,8.29E-14,0.869732099,6.07E-12,
0.008467753404817679-0.011864299316516362j,7.95E-06,7.65E-14,0.950923451,5.60E-12,
0.007324553383695154-0.012222943573435613j,7.71E-06,7.06E-14,1.030931222,5.17E-12,
0.00619992269771682-0.01247574334991855j,7.47E-06,6.52E-14,1.109585134,4.77E-12,
0.005104141423956544-0.012629230584409165j,7.24E-06,6.02E-14,1.186714913,4.41E-12,
0.004046326836960672-0.012690963750441115j,7.02E-06,5.57E-14,1.262150281,4.08E-12,
0.0030343438695539407-0.012669314934074255j,6.81E-06,5.14E-14,1.335720963,3.76E-12,
0.002074755067979497-0.012573253527874884j,6.60E-06,4.76E-14,1.407256682,3.49E-12,
0.0011728084626705028-0.0124121334271685j,6.41E-06,4.40E-14,1.476587163,3.22E-12,
0.00033246059952049913-0.012195489874904365j,6.22E-06,4.08E-14,1.54354213,2.99E-12,
-0.0004435689754028171-0.011932851169507529j,6.03E-06,3.77E-14,1.607951306,2.76E-12,
-0.0011537161881484924-0.011633569386048346j,5.86E-06,3.50E-14,1.669644416,2.56E-12,
-0.001797468723164964-0.011306673126020933j,5.69E-06,3.24E-14,1.728451183,2.37E-12,
-0.002375245176593484-0.010960744162940949j,5.53E-06,3.01E-14,1.784201332,2.20E-12,
-0.0028882620942499862-0.01060381874152444j,5.37E-06,2.80E-14,1.836724585,2.05E-12,
-0.0033383936747629693-0.010243313260414848j,5.22E-06,2.60E-14,1.885850668,1.90E-12,
-0.003728028516364004-0.009885973155120215j,5.08E-06,2.42E-14,1.931409304,1.77E-12,
-0.004059927260964601-0.009537843020983214j,4.94E-06,2.25E-14,1.973230217,1.65E-12,
-0.0043370843853498655-0.009204255386884774j,4.81E-06,2.10E-14,2.011143131,1.54E-12,
-0.004562596750242738-0.008889835070352856j,4.68E-06,1.96E-14,2.04497777,1.44E-12,
-0.004739540885133584-0.008598515706742667j,4.57E-06,1.83E-14,2.074563857,1.34E-12,
-0.004870860398097962-0.008333564835537407j,4.45E-06,1.71E-14,2.099731118,1.25E-12,
-0.0049592643889860835-0.00809761382756683j,4.34E-06,1.61E-14,2.120309275,1.18E-12,
-0.005007137340441215-0.00789268892801319j,4.24E-06,1.51E-14,2.136128053,1.11E-12,
-0.005016460688865702-0.0077202397518786j,4.15E-06,1.42E-14,2.147017175,1.04E-12,
-0.004989022996160698-0.007580909924231241j,4.05E-06,1.33E-14,2.152847098,9.74E-13,
-0.004947283702223246-0.0074554181244637216j,3.96E-06,1.25E-14,2.156660577,9.15E-13,
-0.0049049473085456645-0.007331454213267725j,3.88E-06,1.18E-14,2.160431839,8.64E-13,
-0.004862043322462125-0.007209010910584366j,3.79E-06,1.11E-14,2.164160989,8.13E-13,
-0.004818600823034987-0.0070880807555623775j,3.71E-06,1.05E-14,2.16784813,7.69E-13,
-0.004774648463839995-0.006968656115926096j,3.63E-06,9.85E-15,2.171493366,7.21E-13,
-0.00473021447582164-0.006850729197166017j,3.55E-06,9.27E-15,2.1750968,6.79E-13,
-0.0046853266702146495-0.006734292051553423j,3.47E-06,8.72E-15,2.178658538,6.39E-13,
-0.004640012441527602-0.006619336586980768j,3.39E-06,8.21E-15,2.182178681,6.01E-13,
-0.0045942987705849285-0.006505854575629451j,3.31E-06,7.72E-15,2.185657336,5.65E-13,
-0.004548212227623532-0.006393837662466643j,3.24E-06,7.26E-15,2.189094604,5.32E-13,
-0.004501778975440397-0.0062832773735729715j,3.17E-06,6.83E-15,2.19249059,5.00E-13,
-0.004455024772587598-0.006174165124302681j,3.09E-06,6.43E-15,2.195845398,4.71E-13,
-0.0044079749766113225-0.006066492227278031j,3.02E-06,6.05E-15,2.199159131,4.43E-13,
-0.0043606545473314886-0.005960249900219849j,2.96E-06,5.69E-15,2.202431894,4.17E-13,
-0.0043130880501587015-0.0058554292736158016j,2.89E-06,5.35E-15,2.20566379,3.92E-13,
-0.0042652996594453214-0.005752021398228327j,2.82E-06,5.03E-15,2.208854923,3.68E-13,
-0.00421731316186761-0.005650017252444056j,2.76E-06,4.73E-15,2.212005397,3.46E-13,
-0.00416915195983585-0.005549407749466448j,2.69E-06,4.45E-15,2.215115315,3.26E-13,
-0.0041208390749295455-0.005450183744353511j,2.63E-06,4.18E-15,2.218184782,3.06E-13,
-0.004072397151354853-0.005352336040902542j,2.57E-06,3.93E-15,2.221213901,2.88E-13,
-0.0040238484594214375-0.005255855398383599j,2.51E-06,3.69E-15,2.224202776,2.70E-13,
-0.003975214899036038-0.005160732538123596j,2.45E-06,3.47E-15,2.227151511,2.54E-13,
-0.003926518003210239-0.005066958149943j,2.40E-06,3.26E-15,2.23006021,2.39E-13,
-0.003877778941579742-0.004974522898446791j,2.34E-06,3.07E-15,2.232928976,2.25E-13,
-0.003829018523932767-0.00488341742917169j,2.29E-06,2.88E-15,2.235757914,2.11E-13,
-0.0037802572037452156-0.004793632374591482j,2.23E-06,2.71E-15,2.238547126,1.98E-13,
-0.0037315150817201813-0.004705158359982292j,2.18E-06,2.54E-15,2.241296718,1.86E-13,
-0.0036828119093296244-0.004617986009149619j,2.13E-06,2.39E-15,2.244006792,1.75E-13,
-0.0036341670923560683-0.004532105950019106j,2.08E-06,2.24E-15,2.246677453,1.64E-13,
-0.0035855996944320935-0.004447508820092765j,2.03E-06,2.11E-15,2.249308804,1.55E-13,
-0.0035371284405757-0.0043641852717725685j,1.98E-06,1.98E-15,2.25190095,1.45E-13,
-0.0034887717207195104-0.004282125977553277j,1.93E-06,1.86E-15,2.254453993,1.36E-13,
-0.003440547593231929-0.004201321635086248j,1.89E-06,1.75E-15,2.256968038,1.28E-13,
-0.003392473788428373-0.004121762972116094j,1.84E-06,1.64E-15,2.259443189,1.20E-13,
-0.003344567712070859-0.004043440751292064j,1.80E-06,1.54E-15,2.26187955,1.13E-13,
-0.003296846448854169-0.003966345774855828j,1.75E-06,1.44E-15,2.264277223,1.05E-13,
-0.003249326765876962-0.0038904688892075394j,1.71E-06,1.36E-15,2.266636314,9.96E-14,
-0.0032020251160962453-0.003815800989351988j,1.67E-06,1.27E-15,2.268956926,9.30E-14,
-0.0031549576417636387-0.003742333023226514j,1.63E-06,1.19E-15,2.271239162,8.71E-14,
-0.0031081401778419587-0.0036700559959124994j,1.59E-06,1.12E-15,2.273483127,8.20E-14,
-0.003061588255400719-0.0035989609737322246j,1.55E-06,1.05E-15,2.275688924,7.69E-14,
-0.003015317104989153-0.0035290390882327244j,1.51E-06,9.86E-16,2.277856657,7.22E-14,
-0.0029693416599854187-0.003460281540058406j,1.47E-06,9.25E-16,2.279986431,6.77E-14,
-0.002923676559920793-0.003392679602714188j,1.44E-06,8.67E-16,2.282078348,6.35E-14,
-0.0028783361537775692-0.003326224626220721j,1.40E-06,8.14E-16,2.284132513,5.96E-14,
-0.002833334503259523-0.003260908040663457j,1.37E-06,7.63E-16,2.286149029,5.59E-14,
-0.002788685386033877-0.003196721359637206j,1.33E-06,7.16E-16,2.288128,5.24E-14,
-0.0027444022989436107-0.0031336561835877802j,1.30E-06,6.71E-16,2.29006953,4.91E-14,
-0.002700498461189179-0.003071704203052357j,1.27E-06,6.29E-16,2.291973724,4.61E-14,
-0.0026569868174786547-0.0030108572018002085j,1.24E-06,5.90E-16,2.293840684,4.32E-14,
-0.0026138800411453183-0.0029511070598752976j,1.21E-06,5.53E-16,2.295670514,4.05E-14,
-0.0025711905372319097-0.0028924457565423895j,1.18E-06,5.19E-16,2.297463319,3.80E-14,
-0.002528930445540619-0.0028348653731381625j,1.15E-06,4.86E-16,2.299219201,3.56E-14,
-0.0024871116436480578-0.0027783580958288707j,1.12E-06,4.56E-16,2.300938266,3.34E-14,
-0.0024457457498844905-0.0027229162182760987j,1.09E-06,4.27E-16,2.302620617,3.13E-14,
-0.0024048441262765623-0.002668532144212035j,1.06E-06,4.01E-16,2.304266357,2.94E-14,
-0.002364417881452889-0.002615198389925757j,1.04E-06,3.76E-16,2.30587559,2.75E-14,
-0.0023244778735118715-0.002562907586662038j,1.01E-06,3.52E-16,2.30744842,2.58E-14,
-0.0022850347128511345-0.0025116524829340123j,9.84E-07,3.30E-16,2.308984952,2.42E-14,
-0.002246098764958031-0.0024614259467511546j,9.59E-07,3.09E-16,2.310485288,2.26E-14,
-0.0022076801531607268-0.0024122209677640005j,9.35E-07,2.90E-16,2.311949533,2.12E-14,
-0.002169788761339324-0.0023640306593269134j,9.11E-07,2.72E-16,2.313377791,1.99E-14,
-0.0021324342365966263-0.002316848260480267j,8.88E-07,2.55E-16,2.314770164,1.87E-14,
-0.0020956259918881166-0.0022706671378534297j,8.66E-07,2.39E-16,2.316126758,1.75E-14,
-0.0020593732086107456-0.0022254807874897762j,8.44E-07,2.24E-16,2.317447675,1.64E-14,
-0.0020236848391502033-0.0021812828365950603j,8.23E-07,2.10E-16,2.318733021,1.54E-14,
-0.001988569609386357-0.00213806704521045j,8.02E-07,1.97E-16,2.319982897,1.44E-14,
-0.0019540360211565575-0.002095827307811397j,7.82E-07,1.85E-16,2.32119741,1.35E-14,
-0.0019200923546765533-0.0020545576548336246j,7.62E-07,1.73E-16,2.322376661,1.27E-14,
-0.001886746670918812-0.0020142522541274524j,7.43E-07,1.63E-16,2.323520755,1.19E-14,
-0.0018540068139480184-0.0019749054123415926j,7.25E-07,1.53E-16,2.324629796,1.12E-14,
-0.0018218804132135867-0.0019365115762376324j,7.07E-07,1.43E-16,2.325703887,1.05E-14,
-0.0017903748857990675-0.0018990653339363318j,6.89E-07,1.35E-16,2.326743133,9.89E-15,
-0.0017594974386283013-0.0018625614160968855j,6.72E-07,1.26E-16,2.327747637,9.23E-15,
-0.0017292550706282388-0.0018269946970301998j,6.56E-07,1.19E-16,2.328717503,8.71E-15,
-0.001699654574848369-0.0017923601957473643j,6.40E-07,1.12E-16,2.329652835,8.20E-15,
-0.001670702540536713-0.0017586530769442975j,6.24E-07,1.05E-16,2.330553737,7.69E-15,
-0.0016424053551723336-0.0017258686519236685j,6.09E-07,9.86E-17,2.331420312,7.22E-15,
-0.001614769206454445-0.0016940023794551101j,5.95E-07,9.27E-17,2.332252664,6.79E-15,
-0.0015878000842480537-0.0016630498665747367j,5.80E-07,8.73E-17,2.333050898,6.39E-15,
-0.0015615037824862504-0.001633006869324936j,5.67E-07,8.21E-17,2.333815116,6.01E-15,
-0.00153588590102921-0.001603869293435454j,5.53E-07,7.73E-17,2.334545423,5.66E-15,
-0.0015109518474799805-0.001575633194946668j,5.41E-07,7.29E-17,2.335241923,5.34E-15,
-0.0014867068389571776-0.0015482947807760293j,5.28E-07,6.87E-17,2.335904718,5.03E-15,
-0.0014631559038247406-0.0015218504092285705j,5.16E-07,6.48E-17,2.336533914,4.75E-15,
-0.001440303883378873-0.001496296590452376j,5.05E-07,6.12E-17,2.337129614,4.48E-15,
-0.0014181554334923591-0.0014716299868398914j,4.94E-07,5.78E-17,2.337691922,4.23E-15,
-0.0013967150262164487-0.0014478474133759515j,4.83E-07,5.46E-17,2.338220942,4.00E-15,
-0.001375986951340507-0.0014249458379333565j,4.72E-07,5.16E-17,2.338716777,3.78E-15,
-0.0013559753179096614-0.0014029223815168062j,4.62E-07,4.88E-17,2.339179531,3.57E-15,
-0.001336684055700699-0.0013817743184560524j,4.53E-07,4.63E-17,2.339609308,3.39E-15,
-0.0013181169166564543-0.0013614990765490062j,4.44E-07,4.38E-17,2.340006212,3.21E-15,
-0.0013002774762789734-0.0013420942371556003j,4.35E-07,4.16E-17,2.340370346,3.05E-15,
-0.0012831691349817578-0.0013235575352431818j,4.26E-07,3.95E-17,2.340701815,2.89E-15,
-0.001266795119401375-0.001305886859384138j,4.18E-07,3.75E-17,2.341000723,2.75E-15,
-0.0012511584836687527-0.0012890802517065226j,4.10E-07,3.57E-17,2.341267172,2.61E-15,
-0.0012362621106405283-0.0012731359077983626j,4.03E-07,3.40E-17,2.341501268,2.49E-15,
-0.0012221087130907565-0.0012580521765663626j,3.96E-07,3.24E-17,2.341703113,2.37E-15,
-0.0012087008348633677-0.001243827560049666j,3.89E-07,3.09E-17,2.341872812,2.26E-15,
-0.0011960408519857513-0.0012304607131893657j,3.82E-07,2.95E-17,2.342010468,2.16E-15,
-0.0011841309737438332-0.0012179504435543835j,3.76E-07,2.83E-17,2.342116185,2.07E-15,
-0.0011729732437190641-0.0012062957110243742j,3.71E-07,2.71E-17,2.342190067,1.98E-15,
-0.0011625695407877432-0.0011954956274302696j,3.65E-07,2.59E-17,2.342232218,1.90E-15,
-0.001152900304279438-0.0011855495100769207j,3.60E-07,2.49E-17,2.342233496,1.82E-15,
-0.0011429942836208773-0.0011764530306378105j,3.55E-07,2.39E-17,2.34177018,1.75E-15,
-0.0011323431598028364-0.0011681823230991213j,3.50E-07,2.30E-17,2.340617065,1.68E-15,
-0.0011209716071526662-0.0011607079495544149j,3.45E-07,2.21E-17,2.338780859,1.62E-15,
-0.0011089024095805972-0.0011539994484167494j,3.40E-07,2.12E-17,2.336268275,1.55E-15,
-0.0010961565898392465-0.0011480254319893243j,3.35E-07,2.04E-17,2.333086022,1.49E-15,
-0.0010827535387511176-0.0011427536762446647j,3.30E-07,1.96E-17,2.329240811,1.44E-15,
-0.0010687111439576737-0.0011381512035539831j,3.26E-07,1.88E-17,2.324739354,1.38E-15,
-0.001054045917790054-0.0011341843590816857j,3.21E-07,1.81E-17,2.31958836,1.33E-15,
-0.0010387731239027364-0.0011308188815315919j,3.17E-07,1.73E-17,2.31379454,1.27E-15,
-0.0010229069023478976-0.0011280199689015728j,3.12E-07,1.67E-17,2.307364606,1.22E-15,
-0.0010064603927999835-0.0011257523398724007j,3.08E-07,1.60E-17,2.300305267,1.17E-15,
-0.0009894458556677862-0.0011239802914247167j,3.03E-07,1.54E-17,2.292623234,1.13E-15,
-0.0009718747908552372-0.0011226677532455802j,2.99E-07,1.48E-17,2.284325218,1.08E-15,
-0.0009537580539526122-0.0011217783394530745j,2.95E-07,1.42E-17,2.27541793,1.04E-15,
-0.0009351059696573209-0.001121275398134187j,2.91E-07,1.36E-17,2.26590808,9.96E-16,
-0.0009159284422381086-0.0011211220591577325j,2.87E-07,1.31E-17,2.255802379,9.59E-16,
-0.0008962350628687585-0.0011212812806905771j,2.83E-07,1.26E-17,2.245107538,9.23E-16,
-0.0008760352136675413-0.0011217158948119462j,2.79E-07,1.21E-17,2.233830267,8.86E-16,
-0.000855338168287001-0.0011223886525872453j,2.75E-07,1.16E-17,2.221977277,8.49E-16,
-0.0008341531889053903-0.0011232622689296644j,2.71E-07,1.12E-17,2.209555278,8.20E-16,
-0.0008124896194766538-0.0011242994675449173j,2.67E-07,1.07E-17,2.196570982,7.84E-16,
-0.0007903569751003224-0.0011254630262218664j,2.63E-07,1.03E-17,2.183031099,7.54E-16,
-0.0007677650273763994-0.0011267158226995534j,2.59E-07,9.89E-18,2.168942339,7.24E-16,
-0.000744723885613483-0.001128020881309305j,2.56E-07,9.50E-18,2.154311414,6.96E-16,
-0.0007212440737612225-0.001129341420559217j,2.52E-07,9.13E-18,2.139145033,6.69E-16,
-0.0006973366029408618-0.0011306409017974267j,2.48E-07,8.77E-18,2.123449908,6.42E-16,
-0.0006730130394503461-0.0011318830790602412j,2.45E-07,8.42E-18,2.10723275,6.17E-16,
-0.0006482855681233911-0.001133032050181452j,2.41E-07,8.09E-18,2.090500268,5.92E-16,
-0.0006231670509252228-0.0011340523092100367j,2.38E-07,7.78E-18,2.073259174,5.70E-16,
-0.0005976710806714098-0.0011349088001550423j,2.34E-07,7.47E-18,2.055516178,5.47E-16,
-0.0005718120297607001-0.0011355669720487602j,2.31E-07,7.18E-18,2.037277991,5.26E-16,
-0.0005456050938178261-0.001135992835292432j,2.28E-07,6.90E-18,2.018551324,5.05E-16,
-0.0005190663301482374-0.0011361530192227282j,2.25E-07,6.63E-18,1.999342886,4.85E-16,
-0.0004922126909136155-0.0011360148308121433j,2.21E-07,6.37E-18,1.97965939,4.66E-16,
-0.00046506205094479686-0.0011355463143923928j,2.18E-07,6.12E-18,1.959507546,4.48E-16,
-0.0004376332301176528-0.0011347163122668754j,2.15E-07,5.88E-18,1.938894063,4.31E-16,
-0.000409946010227422-0.0011334945260563856j,2.12E-07,5.65E-18,1.917825654,4.14E-16,
-0.00038202114630793427-0.0011318515786016264j,2.09E-07,5.42E-18,1.896309028,3.97E-16,
-0.00035388037235436055-0.0011297590762266896j,2.06E-07,5.21E-18,1.874350896,3.82E-16,
-0.00032554640142131743-0.0011271896711496981j,2.03E-07,5.01E-18,1.851957969,3.67E-16,
-0.0002970429200823878-0.0011241171238102472j,2.00E-07,4.81E-18,1.829136958,3.52E-16,
-0.0002683945772525089-0.0011205163648682632j,1.97E-07,4.62E-18,1.805894572,3.38E-16,
-0.00023962696739098747-0.0011163635566154863j,1.94E-07,4.44E-18,1.782237524,3.25E-16,
-0.00021076660812012086-0.0011116361535290047j,1.91E-07,4.27E-18,1.758172524,3.13E-16,
-0.00018184091231259088-0.0011063129616862783j,1.89E-07,4.10E-18,1.733706281,3.00E-16,
-0.00015287815471970423-0.0011003741967528602j,1.86E-07,3.94E-18,1.708845507,2.89E-16,
-0.00012390743323213078-0.0010938015402476677j,1.83E-07,3.79E-18,1.683596913,2.78E-16,
-9.495862488503144e-05-0.0010865781937862164j,1.81E-07,3.64E-18,1.657967209,2.67E-16,
-6.606233674017138e-05-0.0010786889309997497j,1.78E-07,3.49E-18,1.631963106,2.56E-16,
-3.7249851798574196e-05-0.0010701201468276962j,1.75E-07,3.36E-18,1.605591315,2.46E-16,
-8.553070118617617e-06-0.0010608599038824111j,1.73E-07,3.23E-18,1.578858546,2.37E-16,
1.9995554664205205e-05-0.0010508979755887553j,1.70E-07,3.10E-18,1.551771509,2.27E-16,
4.836308319836567e-05-0.0010402258858066456j,1.68E-07,2.98E-18,1.524336916,2.18E-16,
7.651616241960439e-05-0.0010288369446523997j,1.65E-07,2.86E-18,1.496561478,2.09E-16,
0.00010442110143708583-0.0010167262802443864j,1.63E-07,2.75E-18,1.468451904,2.01E-16,
0.00013204395102286973-0.0010038908661101729j,1.61E-07,2.64E-18,1.440014905,1.93E-16,
0.0001593505864055475-0.0009903295440060302j,1.58E-07,2.54E-18,1.411257193,1.86E-16,
0.00018630679305014383-0.0009760430419152307j,1.56E-07,2.44E-18,1.382185478,1.79E-16,
0.00021287835508868546-0.0009610339870089683j,1.54E-07,2.34E-18,1.35280647,1.71E-16,
0.00023903114604914262-0.0009453069133729202j,1.51E-07,2.25E-18,1.32312688,1.65E-16,
0.00026473122151509835-0.0009288682643233473j,1.49E-07,2.16E-18,1.29315342,1.58E-16,
0.0002899449133346038-0.000911726389159017j,1.47E-07,2.08E-18,1.262892798,1.52E-16,
0.00031463892498425147-0.0008938915342191552j,1.45E-07,2.00E-18,1.232351727,1.46E-16,
0.0003387804276837936-0.0008753758281428451j,1.43E-07,1.92E-18,1.201536917,1.41E-16,
0.00036233715684778493-0.00085619326125167j,1.41E-07,1.84E-18,1.170455078,1.35E-16,
0.00038527750845369544-0.0008363596590048612j,1.39E-07,1.77E-18,1.139112921,1.30E-16,
0.0004075706349009568-0.0008158926495045486j,1.37E-07,1.70E-18,1.107517157,1.24E-16,
0.00042918653993258504-0.0007948116250576941j,1.35E-07,1.64E-18,1.075674497,1.20E-16,
0.0004500961721902085-0.0007731376978309265j,1.33E-07,1.57E-18,1.043591651,1.15E-16,
0.00047027151697491754-0.0007508936496643518j,1.31E-07,1.51E-18,1.011275329,1.11E-16,
0.000489685685790071-0.0007281038761405273j,1.29E-07,1.45E-18,0.978732243,1.06E-16,
0.0005083130032482434-0.0007047943250348526j,1.27E-07,1.39E-18,0.945969104,1.02E-16,
0.0005261290909328847-0.0006809924293034242j,1.25E-07,1.34E-18,0.912992621,9.81E-17,
0.0005431109478158857-0.0006567270347938207j,1.23E-07,1.29E-18,0.879809505,9.45E-17,
0.0005592370268451632-0.0006320283228930729j,1.21E-07,1.24E-18,0.846426468,9.08E-17,
0.0005744873073315061-0.000606927728355062j,1.20E-07,1.19E-18,0.812850219,8.71E-17,
0.0005888433627812724-0.0005814578525765025j,1.18E-07,1.14E-18,0.77908747,8.35E-17,
0.000602288423840899-0.0005556523726164908j,1.16E-07,1.10E-18,0.745144931,8.06E-17,
0.0006148074360406066-0.0005295459462789922j,1.14E-07,1.05E-18,0.711029313,7.69E-17,
0.0006263871120480126-0.00050317411360045j,1.13E-07,1.01E-18,0.676747326,7.40E-17,
0.0006370159781674345-0.0004765731951058854j,1.11E-07,9.73E-19,0.642305681,7.13E-17,
0.0006466844148473867-0.0004497801872161304j,1.09E-07,9.35E-19,0.607711089,6.85E-17,
0.0006553846909870192-0.00042283265520606924j,1.08E-07,8.99E-19,0.572970261,6.58E-17,
