Hm0_contour,Te_contour
7.157644218840503,24.559613107716082
7.259799831819193,24.527223413775097
7.361654126334912,24.493945506634923
7.463185077189513,24.459786448143447
7.564370712042172,24.424753406615576
7.665189120293757,24.38885365388052
7.765618461915312,24.352094562233074
7.8656369765681795,24.314483602270638
7.9652229920805775,24.276028338988752
8.064354933597947,24.23673642986364
8.163011332088287,24.19661562125556
8.261170833191676,24.155673745879124
8.358812205818607,24.11391871973261
8.455914350702004,24.071358539070037
8.55245630904805,24.028001277770773
8.64841727087243,23.983855084098096
8.743776583560837,23.938928178179285
8.838513759931626,23.893228848494193
8.932608486674239,23.846765449451325
9.026040632413238,23.79954639829161
9.118790255831554,23.751580172344543
9.210837613400233,23.702875305649695
9.30216316747125,23.653440386603666
9.392747593916482,23.6032840548552
9.482571789807665,23.552414998541185
9.571616880772732,23.500841951114154
9.659864228663102,23.44857368905686
9.747295438524368,23.395619028461578
9.833892365937196,23.341986822626566
9.919637124011384,23.287685959236086
10.00451209016667,23.232725357422765
10.088499913025103,23.177113965323922
10.171583518738771,23.12086075688357
10.253746117722523,23.063974729693832
10.33497121081757,23.00646490209114
10.415242595391904,22.948340310455468
10.49454437135934,22.889610006672324
10.572860947051158,22.830283055641093
10.650177044822069,22.770368532639406
10.72647770655602,22.709875520834675
10.801748298937255,22.64881310872171
10.875974518693505,22.587190387829498
10.94914239746035,22.525016450131805
11.021238306742339,22.462300385930803
11.09224896234053,22.39905128121737
11.162161428902877,22.335278215550986
11.23096312412607,22.270990259719316
11.29864182289656,22.206196473627283
11.36518566104229,22.14090590392399
11.430583139171237,22.075127582082043
11.49482312604129,22.008870522106996
11.557894861908393,21.94214371854228
11.619787961662183,21.874956144486475
11.680492417746523,21.807316749623574
11.739998602811205,21.739234458197082
11.798297272298235,21.670718167212215
11.855379566805995,21.601776744644535
11.911237014046339,21.53241902741349
11.965861530976692,21.46265381990623
12.019245425409224,21.39248989210965
12.071381397560113,21.32193597797762
12.122262541440108,21.251000773894997
12.171882345840665,21.179692936924496
12.220234695463871,21.108021083540415
12.267313871496725,21.03599378795231
12.313114552163686,20.963619580704105
12.357631813207359,20.890906947472452
12.400861127810476,20.817864327465745
12.442798366704494,20.744500112343097
12.483439797841726,20.67082264488321
12.522782085988922,20.596840217841283
12.560822292034857,20.522561072741595
12.597557872213788,20.44799339884453
12.632986677033397,20.373145332035715
12.667106950109982,20.29802495387373
12.699917326753052,20.222640290609036
12.731416832366396,20.146999312251463
12.761604880701494,20.071109931723456
12.790481271919361,19.994980004045644
12.818046190433403,19.918617325522746
12.844300202627569,19.84202963303179
12.869244254383819,19.765224603335273
12.892879668435356,19.688209852434852
12.915208141525323,19.610992934940665
12.936231741450829,19.53358134353882
12.955952903898783,19.455982508452536
12.974374429143232,19.378203796968464
12.991499478584096,19.300252513002462
13.0073315711183,19.222135896691636
13.02187457936717,19.143861124034252
13.035132725765802,19.065435306578387
13.047110578492502,18.98686549113327
13.057813047247503,18.908158659508583
13.06724537894026,18.829321728337504
13.075413153170253,18.75036154886259
13.082322277652732,18.671284906833257
13.087978983446597,18.592098522366427
13.092389820124776,18.51280904990636
13.095561650771376,18.43342307816378
13.097501646885245,18.353947130108843
13.09821728318218,18.274387663005392
13.097716332267069,18.19475106845332
13.096006859221909,18.1150436724793
13.093097216069363,18.03527173563255
13.08899603616944,17.955441453135087
13.083712228502653,17.875558955038258
13.077254971874114,17.795630306412193
13.069633709032093,17.715661507558593
13.060858140713457,17.6356584942522
13.050938219596842,17.55562713798963
13.03988414420598,17.475573246278877
13.027706352732874,17.39550256293752
13.014415516805691,17.315420768416963
13.00002253518786,17.23533348013629
12.984538527438938,17.15524625284781
12.967974827512041,17.07516457900765
12.950342977312392,16.995093889167652
12.931654720215263,16.915039552383675
12.911921994543132,16.835006876633496
12.891156927013494,16.755001109252536
12.869371826157035,16.675027437378976
12.846579175711877,16.595090988412565
12.822791627997798,16.51519683048267
12.798021997271924,16.435349972923568
12.772283253078959,16.3555553667663
12.745588513586975,16.275817905229086
12.71795103892222,16.19614242422041
12.689384224506767,16.116533702848137
12.659901594395407,16.03699646393138
12.629516794625129,15.957535374519109
12.59824358657428,15.878155046412138
12.566095840340541,15.798860036688248
12.53308752813338,15.71965484822734
12.499232717697367,15.640543930242504
12.464545565756023,15.561531678807267
12.429040311490198,15.482622437385873
12.392731270051119,15.40382049736072
12.355632826106174,15.325130098559605
12.317759427436847,15.24655542978329
12.279125578567896,15.168100629322828
12.239745834453378,15.089769785482837
12.199634794213203,15.011566937095218
12.15880709492119,14.933496074028275
12.1172774054529,14.855561137695213
12.075060420388148,14.777766021549601
12.032170853989943,14.700114571583155
11.98862343423434,14.622610586810888
11.944432896920354,14.545257819750248
11.899613979843338,14.468059976895173
11.85418141705239,14.39102071917856
11.808149933173699,14.314143662429611
11.761534237820946,14.237432377820108
11.714349020083047,14.160890392302822
11.666608943098378,14.084521189039252
11.618328638715507,14.008328207818568
11.569522702234135,13.932314845467063
11.520205687249437,13.856484456245298
11.47039210057552,13.780840352235122
11.420096397272623,13.705385803718668
11.369332975760665,13.63012403954151
11.318116173037009,13.555058247469555
11.2664602599883,13.480191574531672
11.214379436808162,13.405527127349645
11.161887828509856,13.331067972460643
11.108999480540193,13.256817136627538
11.05572835450726,13.182777607130133
11.002088324005566,13.108952332055278
10.948093170542986,13.035344220569643
10.893756579586444,12.961956143180592
10.83909213670488,12.888790931985532
10.784113323825256,12.815851380911901
10.728833515594665,12.743140245943366
10.67326597585547,12.67066024533483
10.617423854227392,12.598414059816538
10.561320182796127,12.526404332787937
10.504967872925217,12.454633670497577
10.448379712166552,12.383104642213262
10.391568361284264,12.31181978038397
10.334546351393636,12.240781580786466
10.277326081200574,12.169992502668531
10.219919814370353,12.099454968872172
10.162339676988257,12.029171365955712
10.104597655140825,11.959144044301697
10.046705592594268,11.889375318219702
9.98867518861378,11.819867466030097
9.930517995842177,11.750622730154598
9.87224541832845,11.681643317184312
9.813868709655171,11.612931397945898
9.75539897116651,11.544489107555847
9.696847150280306,11.476318545479874
9.638224038957084,11.408421775565843
9.579540272232911,11.340800826083626
9.520806326871778,11.273457689753172
9.462032520095239,11.206394323774479
9.403229008476098,11.139612649832317
9.344405786850286,11.073114554121156
9.285572687391221,11.006901887345354
9.226739378731795,10.940976464730525
9.167915365254835,10.875340066008256
9.109109986392065,10.809994435424061
9.05033241606297,10.74494128172767
8.991591662234987,10.680182278151285
8.932896566489909,10.61571906241176
8.874255803772819,10.551553236681427
8.815677882164252,10.487686367577552
8.757171142770687,10.424119986140239
8.698743759653055,10.360855587824053
8.640403739965222,10.297894632449434
8.582158923952933,10.235238544222954
8.524016985280635,10.172888711680226
8.46598543125825,10.110846487685059
8.408071603216417,10.049113189407375
8.350282676905328,9.987690098316415
8.292625663097555,9.926578460139286
8.235107408069627,9.865779484875997
8.177734594306795,9.8052943467724
8.120513741187104,9.74512418432244
8.063451205795314,9.685270100253282
8.006553183750711,9.625733161529658
7.949825710100655,9.566514399360582
7.893274660313611,9.50761480919796
7.836905751245162,9.449035350765502
7.7807245423277935,9.390776948043287
7.7247364365829645,9.332840489321509
7.668946681865629,9.275226827214812
7.613360372115431,9.217936778686527
7.55798244860147,9.160971125100174
7.502817701246838,9.104330612265782
7.44787077008838,9.048015950464373
7.393146146573037,8.992027814543196
7.338648175117269,8.93636684394941
7.284381054525621,8.881033642824992
7.230348839596377,8.82602878006437
7.176555442663987,8.771352789408756
7.123004635192996,8.717006169543048
7.06970004941227,8.662989384197669
7.016645180031722,8.609302862241547
6.963843385849205,8.555946997827842
6.91129789157558,8.502922150485423
6.859011789500406,8.450228645278223
6.806988041325877,8.397866772926715
6.7552294799011205,8.345836789975902
6.7037388110797,8.29413891893937
6.652518615542449,8.24277334846843
6.6015713506103815,8.191740233537146
6.550899352210205,8.141039695599403
6.500504836612668,8.090671822814292
6.4503899024239155,8.040636670225458
6.40055653245979,7.990934259973542
6.3510065956827635,7.94156458150583
6.301741849082527,7.892527591815284
6.25276393957917,7.843823215681772
6.204074406067837,7.7954513458797186
6.15567468123724,7.747411843465101
6.107566093566331,7.699704538017453
6.059749869294514,7.652329227898048
6.012227134279765,7.605285680550204
5.96499891601652,7.558573632759124
5.918066145548613,7.512192790950844
5.871429659393124,7.466142831494597
5.825090201514122,7.420423400996103
5.779048425186755,7.37503411663061
5.733304894990463,7.329974566441432
5.687860088688733,7.285244309678597
5.64271439912139,7.240842877136036
5.597868136129005,7.196769771488943
5.553321528441154,7.153024467637163
5.509074725540694,7.1096064130658325
5.465127799522074,7.066515028207829
5.421480746990973,7.023749706795871
5.378133490827713,6.981309816259069
5.335085882111746,6.939194698070232
5.292337701830051,6.897403668161772
5.24988866276027,6.855936017287353
5.207738411216059,6.814791011426604
5.165886528804691,6.7739678921860635
5.124332534180876,6.733465877199353
5.0830758848133435,6.693284160524013
5.042115978619092,6.65342191307623
5.001452155754549,6.613878283016079
4.961083700196044,6.574652396195283
4.9210098414803625,6.5357433565530565
4.881229756265965,6.497150246563922
4.841742570013616,6.458872127645962
4.802547358535662,6.420908040605683
4.763643149581239,6.383257006066899
4.725028924408413,6.345918024901792
4.686703619278277,6.30889007867799
4.648666127013758,6.272172130083324
4.610915298440855,6.235763123380551
4.573449943880127,6.199661984841105
4.53626883458494,6.16386762318941
4.499370704153476,6.1283789300492755
4.462754249946437,6.093194780381893
4.4264181344223985,6.0583140329429135
4.390360986546074,6.02373553070954
4.354581403066897,5.989458101341286
4.319077949850101,5.955480557616175
4.283849163158126,5.921801697875437
4.248893550894432,5.888420306471536
4.214209593867791,5.855335154201892
4.17979574697884,5.822544998758414
4.14565044041891,5.79004858516472
4.111772080845618,5.757844646211894
4.078159052518447,5.725931902897863
4.044809718419729,5.694309064862252
4.011722421354266,5.662974830818713
3.9788954850268943,5.631927888984803
3.946327215089872,5.601166917511785
3.91401590017947,5.57069058490783
3.8819598129169464,5.540497550464655
3.8501572108993742,5.510586464672405
3.8186063376576915,5.480955969641536
3.787305423606391,5.4516046995122265
3.7562526869518136,5.42253128086865
3.725446334594766,5.393734333144224
3.6948845630130434,5.365212469023498
3.6645655591040613,5.336964294844415
3.6344875010335405,5.308988410991771
3.6046485590317,5.281283412291877
3.5750468962032547,5.253847888396699
3.5456806692876643,5.226680424170224
3.516548029416383,5.199779600066515
3.487647122843516,5.173143992505082
3.4589760916592733,5.146772174241072
3.4305330744858957,5.120662714730307
3.4023162071437136,5.094814180493092
3.3743236233166924,5.069225135467537
3.346553455181829,5.043894141363608
3.3190038340291896,5.018819758009493
3.291672890864624,4.9940005436928825
3.264558756988336,4.969435055499205
3.2376595645636357,4.945121849642508
3.2109734471609137,4.92105948179369
3.1844985402919472,4.897246507400666
3.1582329819196078,4.8736814820076795
3.13217491295926,4.85036296156446
3.1063224777581278,4.82728950273389
3.0806738245608,4.804459663192989
3.055227105960876,4.781872001928511
3.0299804793328358,4.759525079528187
3.0049321072530164,4.737417458465999
2.980080157906139,4.715547703381755
2.9554228054719633,4.6939143813569455
2.930958230505439,4.672516062183334
2.9066846202960495,4.651351318628089
2.8826001692181213,4.630418726692333
2.858703079065963,4.609716865864961
2.8349915593754385,4.589244319371662
2.8114638277345474,4.568999674417382
2.7881181100790773,4.5489815224251275
2.764952640978446,4.529188459268511
2.7419656639084824,4.50961908550008
2.719155431510894,4.490272006573083
2.6965202058444575,4.471145833059043
2.6740582586225665,4.4522391808610875
2.651767871440735,4.433550671420579
2.629647335993429,4.4150789319197195
2.6076949542801486,4.396822595479028
2.585909038801481,4.378780301349909
2.5642879127453257,4.360950695102293
2.5428299101633796,4.343332428807468
2.5215333761378877,4.325924161216263
2.5003966669395528,4.308724557932339
2.479418150176409,4.291732291580872
2.458596204933417,4.27494604197276
2.437929221904433,4.25836449626401
2.4174156035151038,4.241986349110837
2.397053764038083,4.225810302820575
2.3768421296993774,4.209835067496074
2.356779138780201,4.194059361181318
2.3368632417069013,4.178481909995989
2.317092901135865,4.163101448268171
2.2974665920329342,4.147916718666672
2.2779828017434167,4.132926472324455
2.2586400300565135,4.118129468959718
2.2394367892634177,4.103524476993651
2.2203716042089043,4.089110273663613
2.201443012337594,4.0748856451336
2.1826495637318257,4.0608493865971536
2.163989821148558,4.047000302384191
2.145462360045388,4.033337206055524
2.1270657686049663,4.0198589204999875
2.108798647752349,4.006564278025017
2.090659611168556,3.9934521204458022
2.0726472852979443,3.9805212991690793
2.0547603093520874,3.9677706752755335
2.036997335308175,3.9551991195975864
2.019357027904234,3.942805512796
2.0018380646278895,3.930588745429735
1.984439135703645,3.918547718027387
1.9671589440744834,3.9066813411526224
1.9499962053801745,3.89498853546785
1.932949647931784,3.883468231794771
1.9160180126827482,3.8721193711726203
1.8992000531964301,3.8609409049134285
1.8824945356103573,3.849931794654866
1.8659002385973376,3.8390910124105635
1.8494159533235488,3.828417540618099
1.8330404834031586,3.817910372183749
1.8167726448514998,3.8075685105272536
1.8006112660336278,3.79739096962116
1.7845551876117312,3.7873767740304185
1.7686032624894108,3.7775249589488737
1.7527543557536733,3.767834570233884
1.7370073446146117,3.7583046644389486
1.7213611183428958,3.7489343088444174
1.7058145782051213,3.7397225814863284
1.690366637397143,3.730668571183457
1.6750162209754895,3.7217713775626144
1.6597622657870699,3.7130301110825417
1.6446037203962425,3.7044438930545556
1.6295395450123351,3.6960118556656103
1.6145687114128378,3.6877331419947312
1.5996902028669846,3.6796069060316
1.5849030140572293,3.671632312692494
1.570206150999404,3.663808537835008
1.5555986309615757,3.6561347682714853
1.5410794823816973,3.6486102017812714
1.5266477447840665,3.641234047121755
1.5123024686946682,3.634005524038259
1.4980427155554947,3.626923863272883
1.4838675576379499,3.6199883065724547
1.4697760779551114,3.6131981066950773
1.4557673701734168,3.6065525274163384
1.441840538523329,3.6000508435342
1.4279946977093498,3.593692340873284
1.414228972819128,3.5874763162879826
1.400542499232377,3.581402077665765
1.3869344225285625,3.5754689439285516
1.3734038983944703,3.569676245034294
1.3599500925310948,3.5640233219777104
1.3465721805600719,3.5585095267904077
1.3332693479296585,3.5531342225405145
1.3200407898203435,3.547896783331848
1.3068857110500578,3.542796594302579
1.2938033259792223,3.537833051623809
1.2807928584149686,3.5330055624966357
1.2678535415161902,3.5283135451512178
1.2549846176970954,3.5237564288427934
1.242185338531459,3.5193336538493565
1.2294549646563895,3.5150446714683974
1.2167927656759991,3.5108889440135638
1.2041980200649913,3.5068659448111523
1.1916700150721466,3.502975158196484
1.179208046624182,3.4992160795111182
1.1668114192281087,3.4955882150966633
1.154479445875926,3.4920910822938884
1.1422114479473935,3.488724209437413
1.1300067551136725,3.4854871358523436
1.1178647052409023,3.482379411850641
1.1057846442938335,3.479400598727593
1.0937659262395834,3.476550268758401
1.0818079129514964,3.4738280051949335
1.0699099741131488,3.471233402262652
1.0580714871224906,3.4687660651577366
1.0462918369961691,3.466425610044463
1.0345704162740108,3.464211664052806
1.0229066249237169,3.462123865276353
1.011299870245746,3.4601618627704926
0.9997495667784194,3.458325316550948
0.9882551362032579,3.4566138975926552
0.9768160072505494,3.455027287829006
0.9654316156051624,3.4535651801514775
0.9541014038126187,3.4522272784096892
0.9428248211854343,3.4510132974118757
0.931601323709714,3.4499229629258146
0.9204303739520512,3.448956011680233
0.9093114409666854,3.44811219136668
0.8982440002029706,3.4473912606419312
0.8872275334131238,3.446792989130888
0.8762615285602885,3.446317157430044
0.8653454797268905,3.4459635571114906
0.8544788870233099,3.4457319907274817
0.8436612564968606,3.4456222718156213
0.8328921000410843,3.4456342249046084
0.8221709353053658,3.4457676855206336
0.8114972856048601,3.446022500194378
0.8008706798307402,3.446398526468669
0.7902906523607728,3.446895632906779
0.7797567429702054,3.4475136991014055
0.76926849674298,3.4482526156843103
0.758825463983273,3.449112284336666
0.7484272001273451,3.450092617800091
0.7380732656557134,3.4511935398883935
0.7277632260056588,3.4524149855000505
0.7174966514840231,3.453756900631397
0.7072731171803461,3.455219242390568
0.6970922028802977,3.456801979012179
0.6869534929794374,3.4585050898727663
0.6768565763972662,3.4603285655069858
0.6668010464915941,3.462272407624584
0.6567865009732061,3.464336629128144
0.646812541820825,3.4665212541316173
0.6368787751963773,3.4688263179796333
0.6269848113605356,3.4712518672676107
0.6171302645885585,3.4737979598626754
0.6073147530864125,3.4764646649253566
0.5975378989071687,3.4792520629321135
0.5877993278676702,3.4821602456986565
0.5780986694654792,3.485189316404095
0.5684355567960678,3.4883393896158856
0.5588096264702871,3.491610591315601
0.5492205185320765,3.4950030589255388
0.5396678763764243,3.4985169413361192
0.5301513466675727,3.502152398934135
0.5206705792574489,3.5059096036317863
0.5112252271043395,3.5097887388965816
0.5018149461917749,3.5137899997820248
0.49243939544764687,3.5179135929591325
0.4830982366635211,3.5221597367487703
0.4737911344141709,3.526528661154815
0.4645177559772989,3.5310206078981117
0.45527777125345675,3.535635830451244
0.4460708526861528,3.54037459407413
0.4368966751821341,3.545237175850395
0.4277549160318472,3.5502238647245625
0.4186452548300606,3.555334961540022
0.4095673733966574,3.5605707790777963
0.40052095569756707,3.565931642096081
0.3915056877658585,3.5714178873705555
0.38252125762296485,3.577029863735477
0.3735673552000476,3.5827679321255084
0.364643672259481,3.5886324656183173
0.3557499023164701,3.5946238494779013
0.3468857405607688,3.6007424811986515
0.3380508837785169,3.606988770550139
0.32924503027417096,3.613363139622601
0.3204678797925421,3.6198660228731296
0.3117191334409052,3.6264978671725605
0.3029984936112101,3.6332591318530008
0.2943056639023567,3.640150288756056
0.2856403490425451,3.6471718222816762
0.27700225481169605,3.6543242294376315
0.2683910879639181,3.661608019889624
0.2598065561500409,3.6690237160119676
0.2512483678401959,3.6765718529388844
0.2427162322464302,3.6842529786163207
0.23420985924536705,3.6920676538543504
0.22572895930089928,3.700016452380075
0.2172732433869051,3.708099960891034
0.20884242290999475,3.7163187791091103
0.20043620963227154,3.724673519834888
0.19205431559410696,3.73316480900244
0.18369645303693233,3.741793285734557
0.17536233432603415,3.750559602398339
0.16705167187335518,3.759464424661168
0.15876417806029414,3.7685084315470254
0.1504995651605054,3.7776923154931006
0.14225754526269868,3.787016782406707
0.13403783019342158,3.7964825517224305
0.1258401314398459,3.806090356459522
0.11766416007253482,3.815840943279468
0.10950962666820323,3.8257350725437322
0.1013762412324675,3.8357735183716173
0.09326371312250917,3.845957068697864
0.08517175097012245,3.8562865253323535
0.07710006260383942,3.866762704015074
0.06904835497213838,3.8773864344767657
0.06101633406594089,3.8881585604959414
0.05300370484131924,3.899079939956779
0.04501017114216556,3.9101514449068766
0.037035435622879934,3.921373961614818
0.0290791996710691,3.9327483906276153
0.02114116333011263,3.944275646827113
0.013221025222108778,3.9559566594881423
0.005318482470305199,3.967792372333332
0.0,3.9797837435900134
0.0,3.991931746045437
0.0,4.004237367101813
0.0,4.016701608830708
0.0,4.029325488026844
0.0,4.042110036261263
0.0,4.0550562999336925
0.0,4.068165340323855
0.0,4.081438233642869
0.0,4.094876071082361
0.0,4.108479958863635
0.0,4.122251018285352
0.0,4.136190385770347
0.0,4.150299212910791
0.0,4.16457866651271
0.0,4.179029928638752
0.0,4.193654196649656
0.0,4.2084526832443
0.0,4.22342661649816
0.0,4.2385772399000885
0.0,4.25390581238746
0.0,4.269413608379481
0.0,4.285101917808776
0.0,4.300972046149584
0.0,4.317025314447963
0.0,4.333263059344051
0.0,4.349686633096605
0.0,4.366297403603338
0.0,4.383096754419152
0.0,4.40008608477183
0.0,4.417266809575093
0.0,4.434640359438929
0.0,4.452208180677085
0.0,4.469971735311603
0.0,4.487932501074496
0.0,4.506091971405151
0.0,4.524451655447193
0.0,4.543013078038354
0.0,4.561777779699481
0.0,4.580747316618898
0.0,4.599923260633171
0.0,4.619307199203992
0.0,4.638900735391175
0.0,4.65870548782124
0.0,4.678723090652092
0.0,4.698955193533009
0.0,4.719403461561307
0.0,4.7400695752308
0.0,4.760955230380746
0.0,4.782062138135573
0.0,4.803392024841795
0.0,4.8249466319980625
0.0,4.846727716181991
0.0,4.868737048969178
0.0,4.890976416848797
0.0,4.9134476211298335
0.0,4.936152477848526
0.0,4.959092817659518
0.0,4.982270485729635
0.0,5.005687341620733
0.0,5.029345259167254
0.0,5.053246126346277
0.0,5.077391845141289
0.0,5.1017843314008715
0.0,5.1264255146845485
0.0,5.1513173381054855
0.0,5.176461758168524
0.0,5.201860744592468
0.0,5.227516280130834
0.0,5.253430360382189
0.0,5.2796049935925184
0.0,5.3060422004492285
0.0,5.332744013866474
0.0,5.359712478761795
0.0,5.3869496518237066
0.0,5.414457601270251
0.0,5.442238406598177
0.0,5.470294158322652
0.0,5.498626957707344
0.0,5.527238916484631
0.0,5.556132156565618
0.0,5.585308809740843
0.0,5.614771017369319
0.0,5.644520930057025
0.0,5.674560707326648
0.0,5.704892517274411
0.0,5.735518536216574
0.0,5.766440948324236
0.0,5.797661945247661
0.0,5.829183725728175
0.0,5.861008495198623
0.0,5.893138465371876
0.0,5.9255758538173335
0.0,5.958322883524911
0.0,5.991381782456952
0.0,6.024754783087472
0.0,6.058444121928349
0.0,6.09245203904322
0.0,6.126780777547811
0.0,6.161432583097574
0.0,6.196409703361038
0.0,6.231714387481676
0.0,6.267348885523685
0.0,6.303315447905815
0.0,6.339616324820715
0.0,6.376253765640314
0.0,6.4132300183072
0.0,6.450547328711678
0.0,6.488207940054634
0.0,6.526214092195836
0.0,6.564568020987835
0.0,6.603271957595165
0.0,6.642328127798921
0.0,6.681738751286466
0.0,6.721506040926445
0.0,6.761632202028419
0.0,6.802119431588822
0.0,6.842969917519164
0.0,6.884185837863479
0.0,6.925769359995841
0.0,6.967722639806397
0.0,7.01004782087041
0.0,7.052747033602832
0.0,7.095822394397187
0.0,7.139276004751351
0.0,7.183109950373099
0.0,7.2273263002774355
0.0,7.271927105863607
0.0,7.316914399979305
0.0,7.362290195969435
0.0,7.40805648671008
0.0,7.45421524362759
0.0,7.500768415703038
0.0,7.547717928461929
0.0,7.595065682949567
0.0,7.642813554691826
0.0,7.690963392641996
0.0,7.7395170181131325
0.0,7.788476223696956
0.0,7.837842772168383
0.0,7.887618395377193
0.0,7.937804793125753
0.0,7.988403632033891
0.0,8.03941654439074
0.0,8.09084512699392
0.0,8.1426909399763
0.0,8.194955505620529
0.0,8.24764030716178
0.0,8.300746787579058
0.0,8.354276348374029
0.0,8.408230348341746
0.0,8.462610102327133
0.0,8.517416879973807
0.0,8.572651904462228
0.0,8.62831635123776
0.0,8.684411346730682
0.0,8.740937967066577
0.0,8.797897236769117
0.0,8.85529012745414
0.0,8.913117556517685
0.0,8.971380385815369
0.0,9.030079420337014
0.0,9.089215406874247
0.0,9.148789032683027
0.0,9.208800924141325
0.0,9.269251645402301
0.0,9.330141697043839
0.0,9.391471514714736
0.0,9.453241467778225
0.0,9.51545185795409
0.0,9.57810291795628
0.0,9.641194810136968
0.0,9.70472762512102
0.0,9.768701380447673
0.0,9.833116019211126
0.0,9.897971408702821
0.0,9.963267339056683
0.0,10.029003521897224
0.0,10.095179588991904
0.0,10.161795090908024
0.0,10.228849495674286
0.0,10.296342187450078
0.0,10.364272465200738
0.0,10.432639541379524
0.0,10.501442540619776
0.0,10.570680498435248
0.0,10.640352359931168
0.0,10.710456978524608
0.0,10.78099311467744
0.0,10.8519594346473
0.0,10.92335450923545
0.0,10.995176812570785
0.0,11.06742472089206
0.0,11.140096511353004
0.0,11.213190360842798
0.0,11.286704344824312
0.0,11.360636436190418
0.0,11.434984504140001
0.0,11.509746313073032
0.0,11.584919521509054
0.0,11.660501681024632
0.0,11.736490235215545
0.0,11.812882518682034
0.0,11.88967575603851
0.0,11.966867060949392
0.0,12.044453435189446
0.0,12.122431767733913
0.0,12.200798833874432
0.0,12.279551294365119
0.0,12.358685694597984
0.0,12.438198463809275
0.0,12.518085914316254
0.0,12.598344240790897
0.0,12.678969519556912
0.0,12.759957707933133
0.0,12.841304643603024
0.0,12.923006044023342
0.0,13.005057505868873
0.0,13.087454504514408
0.0,13.17019239355511
0.0,13.253266404365611
0.0,13.336671645699157
0.0,13.42040310332592
0.0,13.504455639716708
0.0,13.588823993762297
0.0,13.67350278054086
0.0,13.758486491126398
0.0,13.843769492441947
0.0,13.929346027157404
0.0,14.015210213632955
0.0,14.101356045908622
0.0,14.187777393740477
0.0,14.274468002684452
0.0,14.36142149422774
0.0,14.448631365969153
0.0,14.536090991848143
0.0,14.623793622423761
0.0,14.711732385203444
0.0,14.799900285022638
0.0,14.888290204475215
0.0,14.976894904395644
0.0,15.06570702439272
0.0,15.15471908343591
0.0,15.24392348049411
0.0,15.333312495227352
0.0,15.422878288732038
0.0,15.512612904339251
0.0,15.602508268468195
0.0,15.692556191529983
0.0,15.782748368892166
0.0,15.873076381890796
0.0,15.963531698901141
0.0,16.05410567646185
0.0,16.144789560453813
0.0,16.235574487333917
0.0,16.326451485423668
0.0,16.417411476251527
0.0,16.508445275952752
0.0,16.59954359671993
0.0,16.69069704831172
0.0,16.78189613961272
0.0,16.87313128025051
0.0,16.96439278226473
0.0,17.055670861830414
0.0,17.14695564103504
0.0,17.238237149708148
0.0,17.329505327305355
0.0,17.42075002484149
0.0,17.511961006879705
0.0,17.60312795356925
0.0,17.694240462737678
0.0,17.78528805202665
0.0,17.87626016108659
0.0,17.96714615381613
0.0,18.057935320649353
0.0,18.14861688089361
0.0,18.23917998511512
0.0,18.32961371756748
0.0,18.41990709867244
0.0,18.510049087539485
0.0,18.60002858453484
0.0,18.689834433890887
0.0,18.779455426360563
0.0,18.868880301911524
0.0,18.958097752462525
0.0,19.04709642465922
0.0,19.13586492268876
0.0,19.224391811133017
0.0,19.312665617856933
0.0,19.400674836934044
0.0,19.48840793160488
0.0,19.575853337274445
0.0,19.66299946453
0.0,19.749834702203565
0.0,19.836347420454153
0.0,19.922525973884166
0.0,20.008358704681957
0.0,20.09383394578393
0.0,20.178940024074368
0.0,20.263665263595634
0.0,20.347997988786545
0.0,20.431926527740632
0.0,20.515439215481248
0.0,20.5985243972587
0.0,20.68117043185631
0.0,20.76336569491838
0.0,20.845098582287076
0.0,20.92635751335194
0.0,21.00713093440826
0.0,21.087407322027612
0.0,21.167175186430793
0.0,21.24642307486667
0.0,21.32513957500172
0.0,21.40331331829937
0.0,21.48093298341025
0.0,21.55798729955799
0.0,21.634465049920756
0.0,21.710355075010987
0.0,21.785646276045476
0.0,21.860327618313807
0.0,21.934388134531208
0.0,22.007816928182
0.0,22.08060317685824
0.0,22.15273613556661
0.0,22.224205140039423
0.0,22.294999610014557
0.0,22.365109052505208
0.0,22.434523065031314
0.0,22.503231338855944
0.0,22.571223662175314
0.0,22.63848992329072
0.0,22.705020113751125
0.0,22.77080433147756
0.0,22.83583278382846
0.0,22.900095790671394
0.0,22.96358378738832
0.0,23.026287327872733
0.0,23.088197087459374
0.0,23.149303865830294
0.0,23.20959858991192
0.0,23.26907231665651
0.0,23.327716235872465
0.0,23.38552167291175
0.0,23.442480091417742
0.0,23.498583095925056
0.0,23.55382243447618
0.0,23.60819000117534
0.0,23.66167783867004
0.0,23.71427814059409
0.0,23.76598325396827
0.0,23.816785681527183
0.0,23.866678083988308
0.0,23.91565328229584
0.0,23.963704259740837
0.0,24.010824164096903
0.0,24.05700630965787
0.06466749485697323,24.102244179209872
0.1335789304097546,24.146531425915256
0.20342280330849866,24.189861875209726
0.2741937808134801,24.232229526575182
0.3458861773678087,24.27362855523006
0.4184939538124423,24.31405331380625
0.49201071677985747,24.35349833396144
0.566429718277375,24.391958327825233
0.6417438554370352,24.42942818952289
0.7179456704641158,24.46590299646683
0.7950273507541479,24.501378010743736
0.8729807292084745,24.535848680286
0.9517972847214246,24.56931064015314
1.031468142884155,24.601759713359098
1.1119840768307259,24.633191912233418
1.1933355083166384,24.66360343913602
1.2755125089696677,24.692990687294955
1.3585048017152963,24.721350241858325
1.442301762425903,24.74867888029277
1.5268924217285957,24.774973573264155
1.6122654670220853,24.80023148510959
1.698409244679288,24.824449974298652
1.7853117624326982,24.84762659405403
1.872960691967364,24.86975909235229
1.9613433716825186,24.89084541247688
2.050446809654596,24.91088369314609
2.1402576867863887,24.929872268519894
2.2307623601398445,24.947809668357216
2.3219468664579814,24.964694617973937
2.413796925871054,24.980526038089277
2.5062979457846355,24.995303044561304
2.599435024953433,25.00902494835319
2.693192957730421,25.021691254928434
2.787556238501608,25.033301664067718
2.882509066292168,25.043856069248477
2.978035349552819,25.0533545571787
3.07411871110782,25.061797406951143
3.170742493297225,25.06918508969481
3.2678897632604595,25.075518267492377
3.3655433184093675,25.0807977927417
3.463685692044256,25.085024707058178
3.5622991591460895,25.08820024038261
3.6613657423195494,25.090325809894686
3.7608672179023297,25.091403018990498
3.860785122210861,25.09143365599047
3.9611007579338926,25.090419692801518
4.0617952006852445,25.08836328366676
4.162849305724261,25.085266764046253
4.264243714720358,25.081132648561
4.365958862775716,25.07596363002219
4.467974985483268,25.069762577518855
4.57027212617392,25.062532534975176
4.672830143272249,25.054276719489692
4.775628717700607,25.044998519134662
4.878647360557197,25.034701491802604
4.981865420721444,25.0233893627228
5.085262092708172,25.01106602288422
5.188816424555453,24.997735526938428
5.292507325872812,24.98340209140607
5.396313575835013,24.968070092006823
5.5002138314604725,24.951744062039268
5.604186635852253,24.93442869001494
5.708210426590942,24.916128817615817
5.81226354405302,24.896849436885876
5.916324240038556,24.876595688530884
6.020370686244702,24.855372859119356
6.124380982964802,24.833186379004662
6.22833316769901,24.810041819565427
6.332205223909501,24.785944890829235
6.435975089838225,24.760901439105055
6.5396206672235255,24.73491744402782
6.643119830340458,24.70799901667638
6.7464504346167375,24.68015239594335
6.849590325824427,24.651383946922607
6.952517348810595,24.621700157498264
7.055209356491928,24.591107635828063
7.1576442188405,24.559613107716086
