time_index,mean_absolute_period_44.624076_-124.280097
1995-01-01 00:00:00+00:00,8.2068
1995-01-01 03:00:00+00:00,8.1362
1995-01-01 06:00:00+00:00,7.8549
1995-01-01 09:00:00+00:00,7.6666
1995-01-01 12:00:00+00:00,7.9961
1995-01-01 15:00:00+00:00,8.5821
1995-01-01 18:00:00+00:00,9.9872
1995-01-01 21:00:00+00:00,10.8137
1995-01-02 00:00:00+00:00,11.6307
1995-01-02 03:00:00+00:00,11.6333
1995-01-02 06:00:00+00:00,11.7072
1995-01-02 09:00:00+00:00,11.3359
1995-01-02 12:00:00+00:00,10.5571
1995-01-02 15:00:00+00:00,9.7199
1995-01-02 18:00:00+00:00,9.1975
1995-01-02 21:00:00+00:00,8.9533
1995-01-03 00:00:00+00:00,8.5648
1995-01-03 03:00:00+00:00,8.4531
1995-01-03 06:00:00+00:00,8.0699
1995-01-03 09:00:00+00:00,8.5317
1995-01-03 12:00:00+00:00,9.0729
1995-01-03 15:00:00+00:00,9.5535
1995-01-03 18:00:00+00:00,9.9154
1995-01-03 21:00:00+00:00,10.4276
1995-01-04 00:00:00+00:00,10.9805
1995-01-04 03:00:00+00:00,11.4069
1995-01-04 06:00:00+00:00,10.88
1995-01-04 09:00:00+00:00,9.8663
1995-01-04 12:00:00+00:00,9.407
1995-01-04 15:00:00+00:00,8.5862
1995-01-04 18:00:00+00:00,8.0553
1995-01-04 21:00:00+00:00,8.538
1995-01-05 00:00:00+00:00,10.3477
1995-01-05 03:00:00+00:00,11.3062
1995-01-05 06:00:00+00:00,12.0322
1995-01-05 09:00:00+00:00,12.5501
1995-01-05 12:00:00+00:00,13.1917
1995-01-05 15:00:00+00:00,13.6757
1995-01-05 18:00:00+00:00,13.9533
1995-01-05 21:00:00+00:00,14.1423
1995-01-06 00:00:00+00:00,14.0583
1995-01-06 03:00:00+00:00,13.8903
1995-01-06 06:00:00+00:00,13.7982
1995-01-06 09:00:00+00:00,13.4947
1995-01-06 12:00:00+00:00,13.051
1995-01-06 15:00:00+00:00,12.8758
1995-01-06 18:00:00+00:00,12.8596
1995-01-06 21:00:00+00:00,12.8421
1995-01-07 00:00:00+00:00,12.7853
1995-01-07 03:00:00+00:00,11.2904
1995-01-07 06:00:00+00:00,10.1388
1995-01-07 09:00:00+00:00,8.9709
1995-01-07 12:00:00+00:00,10.148
1995-01-07 15:00:00+00:00,11.1387
1995-01-07 18:00:00+00:00,9.4175
1995-01-07 21:00:00+00:00,8.7814
1995-01-08 00:00:00+00:00,8.9672
1995-01-08 03:00:00+00:00,8.4803
1995-01-08 06:00:00+00:00,9.3041
1995-01-08 09:00:00+00:00,10.8997
1995-01-08 12:00:00+00:00,9.99
1995-01-08 15:00:00+00:00,9.8691
1995-01-08 18:00:00+00:00,9.2802
1995-01-08 21:00:00+00:00,8.858
1995-01-09 00:00:00+00:00,9.3061
1995-01-09 03:00:00+00:00,9.7304
1995-01-09 06:00:00+00:00,10.566
1995-01-09 09:00:00+00:00,9.7578
1995-01-09 12:00:00+00:00,10.0505
1995-01-09 15:00:00+00:00,10.7524
1995-01-09 18:00:00+00:00,11.2461
1995-01-09 21:00:00+00:00,10.2049
1995-01-10 00:00:00+00:00,9.7858
1995-01-10 03:00:00+00:00,9.354
1995-01-10 06:00:00+00:00,9.4171
1995-01-10 09:00:00+00:00,9.1632
1995-01-10 12:00:00+00:00,9.2627
1995-01-10 15:00:00+00:00,9.508
1995-01-10 18:00:00+00:00,9.6423
1995-01-10 21:00:00+00:00,10.757
1995-01-11 00:00:00+00:00,11.9041
1995-01-11 03:00:00+00:00,12.6848
1995-01-11 06:00:00+00:00,11.8427
1995-01-11 09:00:00+00:00,10.4602
1995-01-11 12:00:00+00:00,9.9395
1995-01-11 15:00:00+00:00,10.1176
1995-01-11 18:00:00+00:00,10.4868
1995-01-11 21:00:00+00:00,9.6806
1995-01-12 00:00:00+00:00,9.7879
1995-01-12 03:00:00+00:00,10.2212
1995-01-12 06:00:00+00:00,10.6528
1995-01-12 09:00:00+00:00,10.7796
1995-01-12 12:00:00+00:00,9.2602
1995-01-12 15:00:00+00:00,9.3075
1995-01-12 18:00:00+00:00,8.2518
1995-01-12 21:00:00+00:00,8.2878
1995-01-13 00:00:00+00:00,8.6949
1995-01-13 03:00:00+00:00,7.919
1995-01-13 06:00:00+00:00,7.6459
1995-01-13 09:00:00+00:00,7.9412
1995-01-13 12:00:00+00:00,9.0057
1995-01-13 15:00:00+00:00,9.0747
1995-01-13 18:00:00+00:00,9.2368
1995-01-13 21:00:00+00:00,8.8475
1995-01-14 00:00:00+00:00,9.3451
1995-01-14 03:00:00+00:00,9.995
1995-01-14 06:00:00+00:00,9.5466
1995-01-14 09:00:00+00:00,7.4726
1995-01-14 12:00:00+00:00,7.8932
1995-01-14 15:00:00+00:00,8.7186
1995-01-14 18:00:00+00:00,9.0686
1995-01-14 21:00:00+00:00,8.7607
1995-01-15 00:00:00+00:00,8.3078
1995-01-15 03:00:00+00:00,7.8378
1995-01-15 06:00:00+00:00,7.9751
1995-01-15 09:00:00+00:00,8.2846
1995-01-15 12:00:00+00:00,9.05
1995-01-15 15:00:00+00:00,9.9283
1995-01-15 18:00:00+00:00,10.3188
1995-01-15 21:00:00+00:00,9.9463
1995-01-16 00:00:00+00:00,9.607
1995-01-16 03:00:00+00:00,9.4978
1995-01-16 06:00:00+00:00,9.3139
1995-01-16 09:00:00+00:00,9.3939
1995-01-16 12:00:00+00:00,9.527
1995-01-16 15:00:00+00:00,9.5118
1995-01-16 18:00:00+00:00,9.3958
1995-01-16 21:00:00+00:00,9.258
1995-01-17 00:00:00+00:00,9.1353
1995-01-17 03:00:00+00:00,9.0544
1995-01-17 06:00:00+00:00,9.0064
1995-01-17 09:00:00+00:00,8.6713
1995-01-17 12:00:00+00:00,7.8238
1995-01-17 15:00:00+00:00,6.7324
1995-01-17 18:00:00+00:00,6.5232
1995-01-17 21:00:00+00:00,6.4483
1995-01-18 00:00:00+00:00,6.8605
1995-01-18 03:00:00+00:00,7.2512
1995-01-18 06:00:00+00:00,7.6893
1995-01-18 09:00:00+00:00,7.7312
1995-01-18 12:00:00+00:00,8.2392
1995-01-18 15:00:00+00:00,8.4071
1995-01-18 18:00:00+00:00,8.6676
1995-01-18 21:00:00+00:00,9.5408
1995-01-19 00:00:00+00:00,10.1565
1995-01-19 03:00:00+00:00,10.9293
1995-01-19 06:00:00+00:00,11.3862
1995-01-19 09:00:00+00:00,11.841
1995-01-19 12:00:00+00:00,12.1605
1995-01-19 15:00:00+00:00,12.6481
1995-01-19 18:00:00+00:00,12.9855
1995-01-19 21:00:00+00:00,13.2281
1995-01-20 00:00:00+00:00,13.216
1995-01-20 03:00:00+00:00,13.0166
1995-01-20 06:00:00+00:00,12.4463
1995-01-20 09:00:00+00:00,11.5199
1995-01-20 12:00:00+00:00,11.4197
1995-01-20 15:00:00+00:00,11.235
1995-01-20 18:00:00+00:00,11.0961
1995-01-20 21:00:00+00:00,11.0505
1995-01-21 00:00:00+00:00,11.5224
1995-01-21 03:00:00+00:00,12.2481
1995-01-21 06:00:00+00:00,12.3144
1995-01-21 09:00:00+00:00,12.1612
1995-01-21 12:00:00+00:00,12.0015
1995-01-21 15:00:00+00:00,11.8749
1995-01-21 18:00:00+00:00,11.7202
1995-01-21 21:00:00+00:00,11.5248
1995-01-22 00:00:00+00:00,11.2566
1995-01-22 03:00:00+00:00,10.9181
1995-01-22 06:00:00+00:00,9.3583
1995-01-22 09:00:00+00:00,9.8353
1995-01-22 12:00:00+00:00,10.3776
1995-01-22 15:00:00+00:00,11.0276
1995-01-22 18:00:00+00:00,10.64
1995-01-22 21:00:00+00:00,11.4457
1995-01-23 00:00:00+00:00,12.8484
1995-01-23 03:00:00+00:00,13.633
1995-01-23 06:00:00+00:00,13.2877
1995-01-23 09:00:00+00:00,12.6466
1995-01-23 12:00:00+00:00,12.0014
1995-01-23 15:00:00+00:00,11.2061
1995-01-23 18:00:00+00:00,9.644
1995-01-23 21:00:00+00:00,9.3471
1995-01-24 00:00:00+00:00,10.0606
1995-01-24 03:00:00+00:00,9.8864
1995-01-24 06:00:00+00:00,7.8912
1995-01-24 09:00:00+00:00,8.0192
1995-01-24 12:00:00+00:00,7.9881
1995-01-24 15:00:00+00:00,7.7469
1995-01-24 18:00:00+00:00,7.8443
1995-01-24 21:00:00+00:00,7.9469
1995-01-25 00:00:00+00:00,8.731
1995-01-25 03:00:00+00:00,8.7908
1995-01-25 06:00:00+00:00,8.7505
1995-01-25 09:00:00+00:00,8.6807
1995-01-25 12:00:00+00:00,8.5202
1995-01-25 15:00:00+00:00,8.1329
1995-01-25 18:00:00+00:00,5.8028
1995-01-25 21:00:00+00:00,6.5209
1995-01-26 00:00:00+00:00,6.2686
1995-01-26 03:00:00+00:00,6.1316
1995-01-26 06:00:00+00:00,6.039
1995-01-26 09:00:00+00:00,5.7373
1995-01-26 12:00:00+00:00,5.6129
1995-01-26 15:00:00+00:00,5.5907
1995-01-26 18:00:00+00:00,5.7576
1995-01-26 21:00:00+00:00,6.1481
1995-01-27 00:00:00+00:00,6.5265
1995-01-27 03:00:00+00:00,6.8773
1995-01-27 06:00:00+00:00,6.8035
1995-01-27 09:00:00+00:00,6.4426
1995-01-27 12:00:00+00:00,6.6888
1995-01-27 15:00:00+00:00,7.1952
1995-01-27 18:00:00+00:00,7.0713
1995-01-27 21:00:00+00:00,7.0038
1995-01-28 00:00:00+00:00,7.0421
1995-01-28 03:00:00+00:00,6.6635
1995-01-28 06:00:00+00:00,6.4405
1995-01-28 09:00:00+00:00,6.8762
1995-01-28 12:00:00+00:00,7.1301
1995-01-28 15:00:00+00:00,6.8196
1995-01-28 18:00:00+00:00,7.0357
1995-01-28 21:00:00+00:00,7.7264
1995-01-29 00:00:00+00:00,7.9014
1995-01-29 03:00:00+00:00,8.2116
1995-01-29 06:00:00+00:00,8.9836
1995-01-29 09:00:00+00:00,9.5724
1995-01-29 12:00:00+00:00,9.4225
1995-01-29 15:00:00+00:00,10.3236
1995-01-29 18:00:00+00:00,9.7451
1995-01-29 21:00:00+00:00,9.9993
1995-01-30 00:00:00+00:00,9.7011
1995-01-30 03:00:00+00:00,10.2186
1995-01-30 06:00:00+00:00,10.2745
1995-01-30 09:00:00+00:00,10.1942
1995-01-30 12:00:00+00:00,8.1905
1995-01-30 15:00:00+00:00,8.9383
1995-01-30 18:00:00+00:00,9.2692
1995-01-30 21:00:00+00:00,8.9179
1995-01-31 00:00:00+00:00,8.6774
1995-01-31 03:00:00+00:00,8.2825
1995-01-31 06:00:00+00:00,7.9171
1995-01-31 09:00:00+00:00,8.1161
1995-01-31 12:00:00+00:00,8.4367
1995-01-31 15:00:00+00:00,8.9675
1995-01-31 18:00:00+00:00,8.8728
1995-01-31 21:00:00+00:00,8.532
1995-02-01 00:00:00+00:00,8.9794
1995-02-01 03:00:00+00:00,9.5237
1995-02-01 06:00:00+00:00,9.6231
1995-02-01 09:00:00+00:00,9.7694
1995-02-01 12:00:00+00:00,10.5415
1995-02-01 15:00:00+00:00,10.5096
1995-02-01 18:00:00+00:00,8.9912
1995-02-01 21:00:00+00:00,9.2217
1995-02-02 00:00:00+00:00,9.5982
1995-02-02 03:00:00+00:00,10.8983
1995-02-02 06:00:00+00:00,11.9743
1995-02-02 09:00:00+00:00,12.6903
1995-02-02 12:00:00+00:00,13.1432
1995-02-02 15:00:00+00:00,13.3476
1995-02-02 18:00:00+00:00,13.3832
1995-02-02 21:00:00+00:00,13.2693
1995-02-03 00:00:00+00:00,13.1325
1995-02-03 03:00:00+00:00,12.8577
1995-02-03 06:00:00+00:00,12.5774
1995-02-03 09:00:00+00:00,12.3831
1995-02-03 12:00:00+00:00,12.2948
1995-02-03 15:00:00+00:00,12.1158
1995-02-03 18:00:00+00:00,11.8957
1995-02-03 21:00:00+00:00,11.7232
1995-02-04 00:00:00+00:00,11.5768
1995-02-04 03:00:00+00:00,11.3403
1995-02-04 06:00:00+00:00,11.0444
1995-02-04 09:00:00+00:00,10.7872
1995-02-04 12:00:00+00:00,10.4855
1995-02-04 15:00:00+00:00,9.4929
1995-02-04 18:00:00+00:00,9.0304
1995-02-04 21:00:00+00:00,8.4261
1995-02-05 00:00:00+00:00,8.3273
1995-02-05 03:00:00+00:00,8.3957
1995-02-05 06:00:00+00:00,8.3659
1995-02-05 09:00:00+00:00,8.2234
1995-02-05 12:00:00+00:00,7.6662
1995-02-05 15:00:00+00:00,8.0765
1995-02-05 18:00:00+00:00,8.9522
1995-02-05 21:00:00+00:00,9.2936
1995-02-06 00:00:00+00:00,9.3416
1995-02-06 03:00:00+00:00,9.5958
1995-02-06 06:00:00+00:00,10.1936
1995-02-06 09:00:00+00:00,11.3584
1995-02-06 12:00:00+00:00,12.4374
1995-02-06 15:00:00+00:00,13.0381
1995-02-06 18:00:00+00:00,13.3199
1995-02-06 21:00:00+00:00,13.4096
1995-02-07 00:00:00+00:00,13.2861
1995-02-07 03:00:00+00:00,11.6884
1995-02-07 06:00:00+00:00,10.5197
1995-02-07 09:00:00+00:00,9.8785
1995-02-07 12:00:00+00:00,9.5457
1995-02-07 15:00:00+00:00,9.1752
1995-02-07 18:00:00+00:00,8.6285
1995-02-07 21:00:00+00:00,8.3498
1995-02-08 00:00:00+00:00,7.8625
1995-02-08 03:00:00+00:00,7.6153
1995-02-08 06:00:00+00:00,7.6538
1995-02-08 09:00:00+00:00,7.8603
1995-02-08 12:00:00+00:00,8.5569
1995-02-08 15:00:00+00:00,9.8505
1995-02-08 18:00:00+00:00,10.8297
1995-02-08 21:00:00+00:00,11.3109
1995-02-09 00:00:00+00:00,11.3377
1995-02-09 03:00:00+00:00,11.0597
1995-02-09 06:00:00+00:00,10.6406
1995-02-09 09:00:00+00:00,10.4412
1995-02-09 12:00:00+00:00,10.4832
1995-02-09 15:00:00+00:00,10.5934
1995-02-09 18:00:00+00:00,10.7203
1995-02-09 21:00:00+00:00,10.8593
1995-02-10 00:00:00+00:00,10.7808
1995-02-10 03:00:00+00:00,10.4789
1995-02-10 06:00:00+00:00,10.0316
1995-02-10 09:00:00+00:00,9.8315
1995-02-10 12:00:00+00:00,10.1408
1995-02-10 15:00:00+00:00,10.6125
1995-02-10 18:00:00+00:00,10.8916
1995-02-10 21:00:00+00:00,11.045
1995-02-11 00:00:00+00:00,10.9493
1995-02-11 03:00:00+00:00,10.7952
1995-02-11 06:00:00+00:00,10.9024
1995-02-11 09:00:00+00:00,10.9983
1995-02-11 12:00:00+00:00,10.6058
1995-02-11 15:00:00+00:00,10.0752
1995-02-11 18:00:00+00:00,9.0799
1995-02-11 21:00:00+00:00,8.5998
1995-02-12 00:00:00+00:00,7.9598
1995-02-12 03:00:00+00:00,7.9765
1995-02-12 06:00:00+00:00,8.366
1995-02-12 09:00:00+00:00,8.425
1995-02-12 12:00:00+00:00,7.9479
1995-02-12 15:00:00+00:00,7.7597
1995-02-12 18:00:00+00:00,7.3879
1995-02-12 21:00:00+00:00,7.2381
1995-02-13 00:00:00+00:00,7.3981
1995-02-13 03:00:00+00:00,8.5933
1995-02-13 06:00:00+00:00,9.1053
1995-02-13 09:00:00+00:00,9.1157
1995-02-13 12:00:00+00:00,8.907
1995-02-13 15:00:00+00:00,8.5283
1995-02-13 18:00:00+00:00,7.1757
1995-02-13 21:00:00+00:00,7.0476
1995-02-14 00:00:00+00:00,6.4819
1995-02-14 03:00:00+00:00,5.9093
1995-02-14 06:00:00+00:00,6.0999
1995-02-14 09:00:00+00:00,6.8527
1995-02-14 12:00:00+00:00,7.4111
1995-02-14 15:00:00+00:00,7.7512
1995-02-14 18:00:00+00:00,7.8798
1995-02-14 21:00:00+00:00,7.8812
1995-02-15 00:00:00+00:00,7.8131
1995-02-15 03:00:00+00:00,5.355
1995-02-15 06:00:00+00:00,4.5303
1995-02-15 09:00:00+00:00,5.077
1995-02-15 12:00:00+00:00,6.039
1995-02-15 15:00:00+00:00,7.0088
1995-02-15 18:00:00+00:00,7.4501
1995-02-15 21:00:00+00:00,7.7372
1995-02-16 00:00:00+00:00,7.8185
1995-02-16 03:00:00+00:00,7.7995
1995-02-16 06:00:00+00:00,8.0227
1995-02-16 09:00:00+00:00,8.0938
1995-02-16 12:00:00+00:00,7.7104
1995-02-16 15:00:00+00:00,6.9309
1995-02-16 18:00:00+00:00,6.5498
1995-02-16 21:00:00+00:00,6.5612
1995-02-17 00:00:00+00:00,6.7501
1995-02-17 03:00:00+00:00,7.213
1995-02-17 06:00:00+00:00,7.7062
1995-02-17 09:00:00+00:00,7.9551
1995-02-17 12:00:00+00:00,8.5172
1995-02-17 15:00:00+00:00,8.7117
1995-02-17 18:00:00+00:00,8.72
1995-02-17 21:00:00+00:00,8.7738
1995-02-18 00:00:00+00:00,9.0768
1995-02-18 03:00:00+00:00,9.3546
1995-02-18 06:00:00+00:00,9.3931
1995-02-18 09:00:00+00:00,9.3615
1995-02-18 12:00:00+00:00,9.2194
1995-02-18 15:00:00+00:00,6.9971
1995-02-18 18:00:00+00:00,7.0288
1995-02-18 21:00:00+00:00,7.1858
1995-02-19 00:00:00+00:00,7.4644
1995-02-19 03:00:00+00:00,7.5809
1995-02-19 06:00:00+00:00,7.5045
1995-02-19 09:00:00+00:00,7.6141
1995-02-19 12:00:00+00:00,7.9484
1995-02-19 15:00:00+00:00,8.2955
1995-02-19 18:00:00+00:00,8.2771
1995-02-19 21:00:00+00:00,8.2739
1995-02-20 00:00:00+00:00,8.8442
1995-02-20 03:00:00+00:00,9.2184
1995-02-20 06:00:00+00:00,9.6716
1995-02-20 09:00:00+00:00,9.8628
1995-02-20 12:00:00+00:00,9.6236
1995-02-20 15:00:00+00:00,9.3969
1995-02-20 18:00:00+00:00,9.4888
1995-02-20 21:00:00+00:00,9.5174
1995-02-21 00:00:00+00:00,9.529
1995-02-21 03:00:00+00:00,9.8368
1995-02-21 06:00:00+00:00,10.0332
1995-02-21 09:00:00+00:00,10.0309
1995-02-21 12:00:00+00:00,9.96
1995-02-21 15:00:00+00:00,9.8756
1995-02-21 18:00:00+00:00,9.8118
1995-02-21 21:00:00+00:00,9.7964
1995-02-22 00:00:00+00:00,9.816
1995-02-22 03:00:00+00:00,9.8327
1995-02-22 06:00:00+00:00,9.615
1995-02-22 09:00:00+00:00,9.8318
1995-02-22 12:00:00+00:00,9.9141
1995-02-22 15:00:00+00:00,9.9846
1995-02-22 18:00:00+00:00,10.0688
1995-02-22 21:00:00+00:00,10.0214
1995-02-23 00:00:00+00:00,9.8821
1995-02-23 03:00:00+00:00,9.703
1995-02-23 06:00:00+00:00,9.509
1995-02-23 09:00:00+00:00,9.3123
1995-02-23 12:00:00+00:00,9.0804
1995-02-23 15:00:00+00:00,8.8184
1995-02-23 18:00:00+00:00,7.6182
1995-02-23 21:00:00+00:00,6.9348
1995-02-24 00:00:00+00:00,6.5762
1995-02-24 03:00:00+00:00,6.9781
1995-02-24 06:00:00+00:00,7.0396
1995-02-24 09:00:00+00:00,7.0189
1995-02-24 12:00:00+00:00,6.9481
1995-02-24 15:00:00+00:00,7.5523
1995-02-24 18:00:00+00:00,7.3917
1995-02-24 21:00:00+00:00,7.1231
1995-02-25 00:00:00+00:00,7.3412
1995-02-25 03:00:00+00:00,7.9341
1995-02-25 06:00:00+00:00,8.4116
1995-02-25 09:00:00+00:00,8.7078
1995-02-25 12:00:00+00:00,8.8198
1995-02-25 15:00:00+00:00,8.8296
1995-02-25 18:00:00+00:00,8.8364
1995-02-25 21:00:00+00:00,8.9809
1995-02-26 00:00:00+00:00,9.0721
1995-02-26 03:00:00+00:00,8.6832
1995-02-26 06:00:00+00:00,7.9583
1995-02-26 09:00:00+00:00,7.7835
1995-02-26 12:00:00+00:00,7.7494
1995-02-26 15:00:00+00:00,7.5327
1995-02-26 18:00:00+00:00,7.4865
1995-02-26 21:00:00+00:00,7.5988
1995-02-27 00:00:00+00:00,7.1869
1995-02-27 03:00:00+00:00,6.8262
1995-02-27 06:00:00+00:00,6.8374
1995-02-27 09:00:00+00:00,7.0748
1995-02-27 12:00:00+00:00,7.3399
1995-02-27 15:00:00+00:00,7.3643
1995-02-27 18:00:00+00:00,7.0972
1995-02-27 21:00:00+00:00,7.1899
1995-02-28 00:00:00+00:00,7.4705
1995-02-28 03:00:00+00:00,7.0996
1995-02-28 06:00:00+00:00,6.987
1995-02-28 09:00:00+00:00,7.1319
1995-02-28 12:00:00+00:00,6.6967
1995-02-28 15:00:00+00:00,6.7818
1995-02-28 18:00:00+00:00,6.949
1995-02-28 21:00:00+00:00,7.3362
1995-03-01 00:00:00+00:00,7.8265
1995-03-01 03:00:00+00:00,7.4534
1995-03-01 06:00:00+00:00,7.481
1995-03-01 09:00:00+00:00,7.6542
1995-03-01 12:00:00+00:00,7.5169
1995-03-01 15:00:00+00:00,7.4779
1995-03-01 18:00:00+00:00,7.4873
1995-03-01 21:00:00+00:00,7.8671
1995-03-02 00:00:00+00:00,7.5323
1995-03-02 03:00:00+00:00,6.2776
1995-03-02 06:00:00+00:00,6.1334
1995-03-02 09:00:00+00:00,6.2005
1995-03-02 12:00:00+00:00,6.2227
1995-03-02 15:00:00+00:00,6.3192
1995-03-02 18:00:00+00:00,6.4312
1995-03-02 21:00:00+00:00,6.6042
1995-03-03 00:00:00+00:00,7.3181
1995-03-03 03:00:00+00:00,6.9014
1995-03-03 06:00:00+00:00,6.8363
1995-03-03 09:00:00+00:00,7.2311
1995-03-03 12:00:00+00:00,7.8098
1995-03-03 15:00:00+00:00,8.1737
1995-03-03 18:00:00+00:00,8.4551
1995-03-03 21:00:00+00:00,8.1191
1995-03-04 00:00:00+00:00,7.5352
1995-03-04 03:00:00+00:00,6.6529
1995-03-04 06:00:00+00:00,6.3111
1995-03-04 09:00:00+00:00,6.1727
1995-03-04 12:00:00+00:00,6.1591
1995-03-04 15:00:00+00:00,6.3155
1995-03-04 18:00:00+00:00,6.6261
1995-03-04 21:00:00+00:00,6.8471
1995-03-05 00:00:00+00:00,7.184
1995-03-05 03:00:00+00:00,7.2275
1995-03-05 06:00:00+00:00,7.4487
1995-03-05 09:00:00+00:00,7.8087
1995-03-05 12:00:00+00:00,7.8237
1995-03-05 15:00:00+00:00,7.3632
1995-03-05 18:00:00+00:00,7.8635
1995-03-05 21:00:00+00:00,8.4897
1995-03-06 00:00:00+00:00,8.8484
1995-03-06 03:00:00+00:00,8.9355
1995-03-06 06:00:00+00:00,8.8293
1995-03-06 09:00:00+00:00,8.64
1995-03-06 12:00:00+00:00,8.4984
1995-03-06 15:00:00+00:00,8.4893
1995-03-06 18:00:00+00:00,8.6105
1995-03-06 21:00:00+00:00,8.7939
1995-03-07 00:00:00+00:00,8.9772
1995-03-07 03:00:00+00:00,9.1212
1995-03-07 06:00:00+00:00,8.8658
1995-03-07 09:00:00+00:00,9.0636
1995-03-07 12:00:00+00:00,9.629
1995-03-07 15:00:00+00:00,9.9376
1995-03-07 18:00:00+00:00,9.9936
1995-03-07 21:00:00+00:00,10.1902
1995-03-08 00:00:00+00:00,10.1081
1995-03-08 03:00:00+00:00,8.9693
1995-03-08 06:00:00+00:00,7.6268
1995-03-08 09:00:00+00:00,7.4651
1995-03-08 12:00:00+00:00,7.3143
1995-03-08 15:00:00+00:00,7.6498
1995-03-08 18:00:00+00:00,8.2598
1995-03-08 21:00:00+00:00,8.1644
1995-03-09 00:00:00+00:00,7.6194
1995-03-09 03:00:00+00:00,7.9568
1995-03-09 06:00:00+00:00,8.2854
1995-03-09 09:00:00+00:00,8.7179
1995-03-09 12:00:00+00:00,6.9929
1995-03-09 15:00:00+00:00,8.0096
1995-03-09 18:00:00+00:00,8.2332
1995-03-09 21:00:00+00:00,9.0233
1995-03-10 00:00:00+00:00,9.6447
1995-03-10 03:00:00+00:00,10.0989
1995-03-10 06:00:00+00:00,9.5062
1995-03-10 09:00:00+00:00,9.4365
1995-03-10 12:00:00+00:00,9.904
1995-03-10 15:00:00+00:00,11.2195
1995-03-10 18:00:00+00:00,11.5537
1995-03-10 21:00:00+00:00,11.6124
1995-03-11 00:00:00+00:00,11.1772
1995-03-11 03:00:00+00:00,8.6347
1995-03-11 06:00:00+00:00,8.868
1995-03-11 09:00:00+00:00,8.6674
1995-03-11 12:00:00+00:00,8.6009
1995-03-11 15:00:00+00:00,8.7466
1995-03-11 18:00:00+00:00,8.6507
1995-03-11 21:00:00+00:00,8.6007
1995-03-12 00:00:00+00:00,8.8117
1995-03-12 03:00:00+00:00,8.8212
1995-03-12 06:00:00+00:00,9.5673
1995-03-12 09:00:00+00:00,10.1258
1995-03-12 12:00:00+00:00,10.4385
1995-03-12 15:00:00+00:00,10.6741
1995-03-12 18:00:00+00:00,10.934
1995-03-12 21:00:00+00:00,10.8996
1995-03-13 00:00:00+00:00,9.7175
1995-03-13 03:00:00+00:00,8.39
1995-03-13 06:00:00+00:00,8.3042
1995-03-13 09:00:00+00:00,9.0008
1995-03-13 12:00:00+00:00,9.3489
1995-03-13 15:00:00+00:00,9.2287
1995-03-13 18:00:00+00:00,8.8048
1995-03-13 21:00:00+00:00,8.5533
1995-03-14 00:00:00+00:00,8.3449
1995-03-14 03:00:00+00:00,8.7889
1995-03-14 06:00:00+00:00,9.4819
1995-03-14 09:00:00+00:00,9.9449
1995-03-14 12:00:00+00:00,8.1467
1995-03-14 15:00:00+00:00,8.7986
1995-03-14 18:00:00+00:00,10.0055
1995-03-14 21:00:00+00:00,9.7425
1995-03-15 00:00:00+00:00,9.9094
1995-03-15 03:00:00+00:00,9.3915
1995-03-15 06:00:00+00:00,9.2809
1995-03-15 09:00:00+00:00,9.6112
1995-03-15 12:00:00+00:00,9.6627
1995-03-15 15:00:00+00:00,9.667
1995-03-15 18:00:00+00:00,9.425
1995-03-15 21:00:00+00:00,8.7686
1995-03-16 00:00:00+00:00,8.933
1995-03-16 03:00:00+00:00,9.5451
1995-03-16 06:00:00+00:00,9.6893
1995-03-16 09:00:00+00:00,9.627
1995-03-16 12:00:00+00:00,9.512
1995-03-16 15:00:00+00:00,8.792
1995-03-16 18:00:00+00:00,8.5463
1995-03-16 21:00:00+00:00,8.8727
1995-03-17 00:00:00+00:00,8.9305
1995-03-17 03:00:00+00:00,8.8784
1995-03-17 06:00:00+00:00,8.8307
1995-03-17 09:00:00+00:00,8.8072
1995-03-17 12:00:00+00:00,9.0858
1995-03-17 15:00:00+00:00,10.0737
1995-03-17 18:00:00+00:00,10.461
1995-03-17 21:00:00+00:00,10.4578
1995-03-18 00:00:00+00:00,8.1229
1995-03-18 03:00:00+00:00,8.5267
1995-03-18 06:00:00+00:00,7.9823
1995-03-18 09:00:00+00:00,8.3242
1995-03-18 12:00:00+00:00,8.2288
1995-03-18 15:00:00+00:00,7.9709
1995-03-18 18:00:00+00:00,7.9639
1995-03-18 21:00:00+00:00,7.8943
1995-03-19 00:00:00+00:00,7.7729
1995-03-19 03:00:00+00:00,7.9103
1995-03-19 06:00:00+00:00,8.5519
1995-03-19 09:00:00+00:00,9.4908
1995-03-19 12:00:00+00:00,10.2125
1995-03-19 15:00:00+00:00,10.441
1995-03-19 18:00:00+00:00,10.4659
1995-03-19 21:00:00+00:00,10.4634
1995-03-20 00:00:00+00:00,9.6098
1995-03-20 03:00:00+00:00,7.3653
1995-03-20 06:00:00+00:00,7.7578
1995-03-20 09:00:00+00:00,9.6894
1995-03-20 12:00:00+00:00,9.4498
1995-03-20 15:00:00+00:00,9.8287
1995-03-20 18:00:00+00:00,10.1876
1995-03-20 21:00:00+00:00,10.0145
1995-03-21 00:00:00+00:00,10.0315
1995-03-21 03:00:00+00:00,10.0594
1995-03-21 06:00:00+00:00,10.4336
1995-03-21 09:00:00+00:00,10.5749
1995-03-21 12:00:00+00:00,10.621
1995-03-21 15:00:00+00:00,10.706
1995-03-21 18:00:00+00:00,10.5904
1995-03-21 21:00:00+00:00,9.6168
1995-03-22 00:00:00+00:00,9.366
1995-03-22 03:00:00+00:00,9.0817
1995-03-22 06:00:00+00:00,8.3536
1995-03-22 09:00:00+00:00,7.8895
1995-03-22 12:00:00+00:00,8.8013
1995-03-22 15:00:00+00:00,9.2772
1995-03-22 18:00:00+00:00,10.1292
1995-03-22 21:00:00+00:00,10.5524
1995-03-23 00:00:00+00:00,11.6921
1995-03-23 03:00:00+00:00,12.3287
1995-03-23 06:00:00+00:00,12.5069
1995-03-23 09:00:00+00:00,12.6229
1995-03-23 12:00:00+00:00,12.6952
1995-03-23 15:00:00+00:00,12.6025
1995-03-23 18:00:00+00:00,12.3355
1995-03-23 21:00:00+00:00,12.0251
1995-03-24 00:00:00+00:00,11.6919
1995-03-24 03:00:00+00:00,10.5835
1995-03-24 06:00:00+00:00,8.1399
1995-03-24 09:00:00+00:00,8.5527
1995-03-24 12:00:00+00:00,8.4633
1995-03-24 15:00:00+00:00,8.0394
1995-03-24 18:00:00+00:00,7.9094
1995-03-24 21:00:00+00:00,8.3007
1995-03-25 00:00:00+00:00,8.3491
1995-03-25 03:00:00+00:00,8.97
1995-03-25 06:00:00+00:00,9.1413
1995-03-25 09:00:00+00:00,9.17
1995-03-25 12:00:00+00:00,9.27
1995-03-25 15:00:00+00:00,9.4039
1995-03-25 18:00:00+00:00,9.3767
1995-03-25 21:00:00+00:00,9.2547
1995-03-26 00:00:00+00:00,9.0771
1995-03-26 03:00:00+00:00,8.7818
1995-03-26 06:00:00+00:00,7.9283
1995-03-26 09:00:00+00:00,7.1571
1995-03-26 12:00:00+00:00,6.8126
1995-03-26 15:00:00+00:00,7.1955
1995-03-26 18:00:00+00:00,8.0085
1995-03-26 21:00:00+00:00,8.7539
1995-03-27 00:00:00+00:00,8.0029
1995-03-27 03:00:00+00:00,7.1412
1995-03-27 06:00:00+00:00,6.9773
1995-03-27 09:00:00+00:00,7.1302
1995-03-27 12:00:00+00:00,7.4237
1995-03-27 15:00:00+00:00,7.2997
1995-03-27 18:00:00+00:00,7.6706
1995-03-27 21:00:00+00:00,8.3505
1995-03-28 00:00:00+00:00,7.7382
1995-03-28 03:00:00+00:00,6.7868
1995-03-28 06:00:00+00:00,7.0991
1995-03-28 09:00:00+00:00,7.8843
1995-03-28 12:00:00+00:00,7.2051
1995-03-28 15:00:00+00:00,7.4174
1995-03-28 18:00:00+00:00,7.4663
1995-03-28 21:00:00+00:00,8.1988
1995-03-29 00:00:00+00:00,8.6122
1995-03-29 03:00:00+00:00,7.7551
1995-03-29 06:00:00+00:00,7.5308
1995-03-29 09:00:00+00:00,6.8802
1995-03-29 12:00:00+00:00,6.6741
1995-03-29 15:00:00+00:00,6.7855
1995-03-29 18:00:00+00:00,7.0829
1995-03-29 21:00:00+00:00,8.4326
1995-03-30 00:00:00+00:00,8.488
1995-03-30 03:00:00+00:00,8.3845
1995-03-30 06:00:00+00:00,8.275
1995-03-30 09:00:00+00:00,8.1288
1995-03-30 12:00:00+00:00,7.1674
1995-03-30 15:00:00+00:00,6.3922
1995-03-30 18:00:00+00:00,5.863
1995-03-30 21:00:00+00:00,5.8215
1995-03-31 00:00:00+00:00,5.3995
1995-03-31 03:00:00+00:00,5.0863
1995-03-31 06:00:00+00:00,5.0933
1995-03-31 09:00:00+00:00,5.7521
1995-03-31 12:00:00+00:00,6.3613
1995-03-31 15:00:00+00:00,6.7093
1995-03-31 18:00:00+00:00,6.6308
1995-03-31 21:00:00+00:00,6.5731
1995-04-01 00:00:00+00:00,7.2903
1995-04-01 03:00:00+00:00,8.3883
1995-04-01 06:00:00+00:00,9.5387
1995-04-01 09:00:00+00:00,10.2921
1995-04-01 12:00:00+00:00,10.6949
1995-04-01 15:00:00+00:00,11.0416
1995-04-01 18:00:00+00:00,11.4045
1995-04-01 21:00:00+00:00,11.6475
1995-04-02 00:00:00+00:00,11.728
1995-04-02 03:00:00+00:00,11.7086
1995-04-02 06:00:00+00:00,11.624
1995-04-02 09:00:00+00:00,11.4837
1995-04-02 12:00:00+00:00,11.2845
1995-04-02 15:00:00+00:00,11.041
1995-04-02 18:00:00+00:00,10.7669
1995-04-02 21:00:00+00:00,10.475
1995-04-03 00:00:00+00:00,10.1717
1995-04-03 03:00:00+00:00,9.2802
1995-04-03 06:00:00+00:00,9.0161
1995-04-03 09:00:00+00:00,9.3597
1995-04-03 12:00:00+00:00,9.5617
1995-04-03 15:00:00+00:00,9.6741
1995-04-03 18:00:00+00:00,9.7234
1995-04-03 21:00:00+00:00,9.7149
1995-04-04 00:00:00+00:00,9.7231
1995-04-04 03:00:00+00:00,9.8828
1995-04-04 06:00:00+00:00,10.0891
1995-04-04 09:00:00+00:00,10.1249
1995-04-04 12:00:00+00:00,9.4021
1995-04-04 15:00:00+00:00,9.6455
1995-04-04 18:00:00+00:00,9.0071
1995-04-04 21:00:00+00:00,8.6493
1995-04-05 00:00:00+00:00,9.2503
1995-04-05 03:00:00+00:00,9.5598
1995-04-05 06:00:00+00:00,9.698
1995-04-05 09:00:00+00:00,9.7875
1995-04-05 12:00:00+00:00,9.8603
1995-04-05 15:00:00+00:00,9.9215
1995-04-05 18:00:00+00:00,9.9599
1995-04-05 21:00:00+00:00,9.9531
1995-04-06 00:00:00+00:00,8.4572
1995-04-06 03:00:00+00:00,7.3844
1995-04-06 06:00:00+00:00,7.2875
1995-04-06 09:00:00+00:00,7.4147
1995-04-06 12:00:00+00:00,7.2304
1995-04-06 15:00:00+00:00,7.1645
1995-04-06 18:00:00+00:00,7.1051
1995-04-06 21:00:00+00:00,7.0584
1995-04-07 00:00:00+00:00,7.9626
1995-04-07 03:00:00+00:00,7.4215
1995-04-07 06:00:00+00:00,7.3299
1995-04-07 09:00:00+00:00,8.1882
1995-04-07 12:00:00+00:00,8.7683
1995-04-07 15:00:00+00:00,7.8702
1995-04-07 18:00:00+00:00,7.8417
1995-04-07 21:00:00+00:00,7.9472
1995-04-08 00:00:00+00:00,8.0508
1995-04-08 03:00:00+00:00,8.4792
1995-04-08 06:00:00+00:00,8.9639
1995-04-08 09:00:00+00:00,9.8734
1995-04-08 12:00:00+00:00,10.6976
1995-04-08 15:00:00+00:00,11.4021
1995-04-08 18:00:00+00:00,11.6093
1995-04-08 21:00:00+00:00,10.3686
1995-04-09 00:00:00+00:00,10.0628
1995-04-09 03:00:00+00:00,9.8534
1995-04-09 06:00:00+00:00,9.9484
1995-04-09 09:00:00+00:00,9.6378
1995-04-09 12:00:00+00:00,9.7981
1995-04-09 15:00:00+00:00,9.9785
1995-04-09 18:00:00+00:00,10.0368
1995-04-09 21:00:00+00:00,10.1142
1995-04-10 00:00:00+00:00,10.1612
1995-04-10 03:00:00+00:00,10.1838
1995-04-10 06:00:00+00:00,10.1886
1995-04-10 09:00:00+00:00,10.145
1995-04-10 12:00:00+00:00,9.9953
1995-04-10 15:00:00+00:00,8.3281
1995-04-10 18:00:00+00:00,6.8711
1995-04-10 21:00:00+00:00,6.2433
1995-04-11 00:00:00+00:00,6.6787
1995-04-11 03:00:00+00:00,7.822
1995-04-11 06:00:00+00:00,8.8032
1995-04-11 09:00:00+00:00,8.3477
1995-04-11 12:00:00+00:00,8.7972
1995-04-11 15:00:00+00:00,10.0506
1995-04-11 18:00:00+00:00,10.9415
1995-04-11 21:00:00+00:00,11.1888
1995-04-12 00:00:00+00:00,10.4387
1995-04-12 03:00:00+00:00,9.8025
1995-04-12 06:00:00+00:00,9.7345
1995-04-12 09:00:00+00:00,10.1286
1995-04-12 12:00:00+00:00,10.3335
1995-04-12 15:00:00+00:00,10.3307
1995-04-12 18:00:00+00:00,10.2397
1995-04-12 21:00:00+00:00,10.1014
1995-04-13 00:00:00+00:00,9.8947
1995-04-13 03:00:00+00:00,9.2241
1995-04-13 06:00:00+00:00,8.128
1995-04-13 09:00:00+00:00,7.5038
1995-04-13 12:00:00+00:00,7.4556
1995-04-13 15:00:00+00:00,7.539
1995-04-13 18:00:00+00:00,7.4057
1995-04-13 21:00:00+00:00,7.236
1995-04-14 00:00:00+00:00,6.8728
1995-04-14 03:00:00+00:00,6.566
1995-04-14 06:00:00+00:00,6.7164
1995-04-14 09:00:00+00:00,7.2556
1995-04-14 12:00:00+00:00,7.6851
1995-04-14 15:00:00+00:00,7.8566
1995-04-14 18:00:00+00:00,8.1075
1995-04-14 21:00:00+00:00,8.1538
1995-04-15 00:00:00+00:00,8.1666
1995-04-15 03:00:00+00:00,7.7127
1995-04-15 06:00:00+00:00,7.4909
1995-04-15 09:00:00+00:00,7.0025
1995-04-15 12:00:00+00:00,6.1156
1995-04-15 15:00:00+00:00,6.1065
1995-04-15 18:00:00+00:00,6.8331
1995-04-15 21:00:00+00:00,7.5879
1995-04-16 00:00:00+00:00,8.3557
1995-04-16 03:00:00+00:00,8.6317
1995-04-16 06:00:00+00:00,8.0775
1995-04-16 09:00:00+00:00,8.07
1995-04-16 12:00:00+00:00,8.4796
1995-04-16 15:00:00+00:00,8.7884
1995-04-16 18:00:00+00:00,9.2624
1995-04-16 21:00:00+00:00,9.2988
1995-04-17 00:00:00+00:00,8.4268
1995-04-17 03:00:00+00:00,8.4712
1995-04-17 06:00:00+00:00,9.1178
1995-04-17 09:00:00+00:00,9.4033
1995-04-17 12:00:00+00:00,9.2215
1995-04-17 15:00:00+00:00,8.2855
1995-04-17 18:00:00+00:00,7.5477
1995-04-17 21:00:00+00:00,6.8762
1995-04-18 00:00:00+00:00,7.6728
1995-04-18 03:00:00+00:00,7.6808
1995-04-18 06:00:00+00:00,8.0885
1995-04-18 09:00:00+00:00,8.5233
1995-04-18 12:00:00+00:00,8.6496
1995-04-18 15:00:00+00:00,8.9145
1995-04-18 18:00:00+00:00,9.1842
1995-04-18 21:00:00+00:00,9.4674
1995-04-19 00:00:00+00:00,9.6367
1995-04-19 03:00:00+00:00,9.8873
1995-04-19 06:00:00+00:00,10.1633
1995-04-19 09:00:00+00:00,10.4115
1995-04-19 12:00:00+00:00,10.55
1995-04-19 15:00:00+00:00,10.6172
1995-04-19 18:00:00+00:00,10.6454
1995-04-19 21:00:00+00:00,9.2534
1995-04-20 00:00:00+00:00,6.8491
1995-04-20 03:00:00+00:00,6.8335
1995-04-20 06:00:00+00:00,7.0361
1995-04-20 09:00:00+00:00,7.3515
1995-04-20 12:00:00+00:00,7.7089
1995-04-20 15:00:00+00:00,7.8389
1995-04-20 18:00:00+00:00,8.3433
1995-04-20 21:00:00+00:00,8.8057
1995-04-21 00:00:00+00:00,9.2603
1995-04-21 03:00:00+00:00,9.5275
1995-04-21 06:00:00+00:00,9.6588
1995-04-21 09:00:00+00:00,9.8157
1995-04-21 12:00:00+00:00,9.9799
1995-04-21 15:00:00+00:00,10.1409
1995-04-21 18:00:00+00:00,10.2517
1995-04-21 21:00:00+00:00,10.3165
1995-04-22 00:00:00+00:00,10.3082
1995-04-22 03:00:00+00:00,10.1901
1995-04-22 06:00:00+00:00,9.9647
1995-04-22 09:00:00+00:00,9.5725
1995-04-22 12:00:00+00:00,9.0403
1995-04-22 15:00:00+00:00,8.5893
1995-04-22 18:00:00+00:00,8.6361
1995-04-22 21:00:00+00:00,8.4243
1995-04-23 00:00:00+00:00,6.8258
1995-04-23 03:00:00+00:00,6.6186
1995-04-23 06:00:00+00:00,7.2461
1995-04-23 09:00:00+00:00,7.9944
1995-04-23 12:00:00+00:00,8.5075
1995-04-23 15:00:00+00:00,8.7097
1995-04-23 18:00:00+00:00,8.7207
1995-04-23 21:00:00+00:00,8.5927
1995-04-24 00:00:00+00:00,7.245
1995-04-24 03:00:00+00:00,6.8615
1995-04-24 06:00:00+00:00,6.8933
1995-04-24 09:00:00+00:00,6.8414
1995-04-24 12:00:00+00:00,6.9669
1995-04-24 15:00:00+00:00,7.1926
1995-04-24 18:00:00+00:00,7.4577
1995-04-24 21:00:00+00:00,7.3966
1995-04-25 00:00:00+00:00,7.3069
1995-04-25 03:00:00+00:00,7.2821
1995-04-25 06:00:00+00:00,7.4822
1995-04-25 09:00:00+00:00,7.588
1995-04-25 12:00:00+00:00,7.661
1995-04-25 15:00:00+00:00,7.8066
1995-04-25 18:00:00+00:00,7.9759
1995-04-25 21:00:00+00:00,8.15
1995-04-26 00:00:00+00:00,8.2036
1995-04-26 03:00:00+00:00,8.5119
1995-04-26 06:00:00+00:00,8.8405
1995-04-26 09:00:00+00:00,9.0776
1995-04-26 12:00:00+00:00,9.2885
1995-04-26 15:00:00+00:00,9.5194
1995-04-26 18:00:00+00:00,9.7417
1995-04-26 21:00:00+00:00,9.9219
1995-04-27 00:00:00+00:00,10.0193
1995-04-27 03:00:00+00:00,10.0745
1995-04-27 06:00:00+00:00,10.0915
1995-04-27 09:00:00+00:00,10.0802
1995-04-27 12:00:00+00:00,10.044
1995-04-27 15:00:00+00:00,10.0411
1995-04-27 18:00:00+00:00,10.1201
1995-04-27 21:00:00+00:00,10.2275
1995-04-28 00:00:00+00:00,10.2766
1995-04-28 03:00:00+00:00,10.0443
1995-04-28 06:00:00+00:00,9.3573
1995-04-28 09:00:00+00:00,7.5754
1995-04-28 12:00:00+00:00,6.9163
1995-04-28 15:00:00+00:00,7.1685
1995-04-28 18:00:00+00:00,7.6108
1995-04-28 21:00:00+00:00,7.7761
1995-04-29 00:00:00+00:00,8.2658
1995-04-29 03:00:00+00:00,8.9197
1995-04-29 06:00:00+00:00,9.2628
1995-04-29 09:00:00+00:00,9.4729
1995-04-29 12:00:00+00:00,9.5779
1995-04-29 15:00:00+00:00,9.587
1995-04-29 18:00:00+00:00,9.5632
1995-04-29 21:00:00+00:00,9.5659
1995-04-30 00:00:00+00:00,9.5944
1995-04-30 03:00:00+00:00,9.6525
1995-04-30 06:00:00+00:00,9.7037
1995-04-30 09:00:00+00:00,9.6962
1995-04-30 12:00:00+00:00,9.5693
1995-04-30 15:00:00+00:00,9.3374
1995-04-30 18:00:00+00:00,9.1296
1995-04-30 21:00:00+00:00,8.9946
1995-05-01 00:00:00+00:00,8.2776
1995-05-01 03:00:00+00:00,7.7797
1995-05-01 06:00:00+00:00,7.8954
1995-05-01 09:00:00+00:00,8.0612
1995-05-01 12:00:00+00:00,8.1602
1995-05-01 15:00:00+00:00,8.2248
1995-05-01 18:00:00+00:00,8.2699
1995-05-01 21:00:00+00:00,8.2194
1995-05-02 00:00:00+00:00,6.5153
1995-05-02 03:00:00+00:00,6.3405
1995-05-02 06:00:00+00:00,6.1481
1995-05-02 09:00:00+00:00,6.2605
1995-05-02 12:00:00+00:00,6.4881
1995-05-02 15:00:00+00:00,6.6412
1995-05-02 18:00:00+00:00,6.736
1995-05-02 21:00:00+00:00,6.7884
1995-05-03 00:00:00+00:00,7.0486
1995-05-03 03:00:00+00:00,7.1945
1995-05-03 06:00:00+00:00,7.3722
1995-05-03 09:00:00+00:00,7.5689
1995-05-03 12:00:00+00:00,7.7607
1995-05-03 15:00:00+00:00,7.965
1995-05-03 18:00:00+00:00,8.1355
1995-05-03 21:00:00+00:00,8.185
1995-05-04 00:00:00+00:00,7.3546
1995-05-04 03:00:00+00:00,6.31
1995-05-04 06:00:00+00:00,5.9159
1995-05-04 09:00:00+00:00,6.0193
1995-05-04 12:00:00+00:00,6.3822
1995-05-04 15:00:00+00:00,6.317
1995-05-04 18:00:00+00:00,5.823
1995-05-04 21:00:00+00:00,5.6352
1995-05-05 00:00:00+00:00,5.3842
1995-05-05 03:00:00+00:00,5.5044
1995-05-05 06:00:00+00:00,5.4993
1995-05-05 09:00:00+00:00,5.6071
1995-05-05 12:00:00+00:00,5.7124
1995-05-05 15:00:00+00:00,5.5129
1995-05-05 18:00:00+00:00,5.4787
1995-05-05 21:00:00+00:00,5.8101
1995-05-06 00:00:00+00:00,6.0417
1995-05-06 03:00:00+00:00,6.2553
1995-05-06 06:00:00+00:00,6.364
1995-05-06 09:00:00+00:00,6.5254
1995-05-06 12:00:00+00:00,6.6591
1995-05-06 15:00:00+00:00,6.9119
1995-05-06 18:00:00+00:00,7.2397
1995-05-06 21:00:00+00:00,7.4916
1995-05-07 00:00:00+00:00,7.5324
1995-05-07 03:00:00+00:00,7.3886
1995-05-07 06:00:00+00:00,7.3672
1995-05-07 09:00:00+00:00,7.3895
1995-05-07 12:00:00+00:00,7.5698
1995-05-07 15:00:00+00:00,7.9041
1995-05-07 18:00:00+00:00,8.2176
1995-05-07 21:00:00+00:00,8.4878
1995-05-08 00:00:00+00:00,8.5426
1995-05-08 03:00:00+00:00,8.5396
1995-05-08 06:00:00+00:00,8.9359
1995-05-08 09:00:00+00:00,9.4418
1995-05-08 12:00:00+00:00,9.9643
1995-05-08 15:00:00+00:00,10.3163
1995-05-08 18:00:00+00:00,10.4865
1995-05-08 21:00:00+00:00,10.5359
1995-05-09 00:00:00+00:00,9.6319
1995-05-09 03:00:00+00:00,9.0927
1995-05-09 06:00:00+00:00,7.2849
1995-05-09 09:00:00+00:00,7.3231
1995-05-09 12:00:00+00:00,7.4504
1995-05-09 15:00:00+00:00,8.1022
1995-05-09 18:00:00+00:00,7.6822
1995-05-09 21:00:00+00:00,7.6299
1995-05-10 00:00:00+00:00,7.7611
1995-05-10 03:00:00+00:00,8.6606
1995-05-10 06:00:00+00:00,9.5812
1995-05-10 09:00:00+00:00,9.9312
1995-05-10 12:00:00+00:00,10.3711
1995-05-10 15:00:00+00:00,10.3705
1995-05-10 18:00:00+00:00,9.5466
1995-05-10 21:00:00+00:00,8.3907
1995-05-11 00:00:00+00:00,7.2204
1995-05-11 03:00:00+00:00,7.0091
1995-05-11 06:00:00+00:00,7.2905
1995-05-11 09:00:00+00:00,8.1333
1995-05-11 12:00:00+00:00,8.0846
1995-05-11 15:00:00+00:00,8.2929
1995-05-11 18:00:00+00:00,8.5081
1995-05-11 21:00:00+00:00,8.6606
1995-05-12 00:00:00+00:00,8.8407
1995-05-12 03:00:00+00:00,9.3269
1995-05-12 06:00:00+00:00,9.8561
1995-05-12 09:00:00+00:00,10.2949
1995-05-12 12:00:00+00:00,10.598
1995-05-12 15:00:00+00:00,10.8066
1995-05-12 18:00:00+00:00,10.8958
1995-05-12 21:00:00+00:00,10.8856
1995-05-13 00:00:00+00:00,10.7653
1995-05-13 03:00:00+00:00,10.1472
1995-05-13 06:00:00+00:00,9.3634
1995-05-13 09:00:00+00:00,8.1822
1995-05-13 12:00:00+00:00,7.5431
1995-05-13 15:00:00+00:00,7.0932
1995-05-13 18:00:00+00:00,7.2462
1995-05-13 21:00:00+00:00,6.6453
1995-05-14 00:00:00+00:00,6.5951
1995-05-14 03:00:00+00:00,6.8105
1995-05-14 06:00:00+00:00,6.7972
1995-05-14 09:00:00+00:00,6.876
1995-05-14 12:00:00+00:00,6.9797
1995-05-14 15:00:00+00:00,7.1249
1995-05-14 18:00:00+00:00,7.4536
1995-05-14 21:00:00+00:00,6.5521
1995-05-15 00:00:00+00:00,5.9393
1995-05-15 03:00:00+00:00,6.1072
1995-05-15 06:00:00+00:00,6.1824
1995-05-15 09:00:00+00:00,6.3711
1995-05-15 12:00:00+00:00,6.3516
1995-05-15 15:00:00+00:00,6.2603
1995-05-15 18:00:00+00:00,6.2382
1995-05-15 21:00:00+00:00,6.6604
1995-05-16 00:00:00+00:00,7.047
1995-05-16 03:00:00+00:00,7.6167
1995-05-16 06:00:00+00:00,7.8296
1995-05-16 09:00:00+00:00,7.875
1995-05-16 12:00:00+00:00,7.9521
1995-05-16 15:00:00+00:00,8.0931
1995-05-16 18:00:00+00:00,8.1917
1995-05-16 21:00:00+00:00,8.1377
1995-05-17 00:00:00+00:00,7.3855
1995-05-17 03:00:00+00:00,6.7348
1995-05-17 06:00:00+00:00,6.5804
1995-05-17 09:00:00+00:00,6.5856
1995-05-17 12:00:00+00:00,6.6434
1995-05-17 15:00:00+00:00,6.7091
1995-05-17 18:00:00+00:00,6.6722
1995-05-17 21:00:00+00:00,6.5578
1995-05-18 00:00:00+00:00,6.3961
1995-05-18 03:00:00+00:00,6.1498
1995-05-18 06:00:00+00:00,5.9197
1995-05-18 09:00:00+00:00,6.0357
1995-05-18 12:00:00+00:00,6.1324
1995-05-18 15:00:00+00:00,6.2575
1995-05-18 18:00:00+00:00,6.3037
1995-05-18 21:00:00+00:00,6.218
1995-05-19 00:00:00+00:00,5.8708
1995-05-19 03:00:00+00:00,5.9669
1995-05-19 06:00:00+00:00,5.991
1995-05-19 09:00:00+00:00,6.0841
1995-05-19 12:00:00+00:00,6.3337
1995-05-19 15:00:00+00:00,6.3111
1995-05-19 18:00:00+00:00,6.389
1995-05-19 21:00:00+00:00,6.2012
1995-05-20 00:00:00+00:00,6.0988
1995-05-20 03:00:00+00:00,6.1404
1995-05-20 06:00:00+00:00,6.2703
1995-05-20 09:00:00+00:00,6.4596
1995-05-20 12:00:00+00:00,6.7541
1995-05-20 15:00:00+00:00,6.8963
1995-05-20 18:00:00+00:00,6.9535
1995-05-20 21:00:00+00:00,6.5988
1995-05-21 00:00:00+00:00,6.1031
1995-05-21 03:00:00+00:00,6.398
1995-05-21 06:00:00+00:00,6.7181
1995-05-21 09:00:00+00:00,6.9683
1995-05-21 12:00:00+00:00,7.0209
1995-05-21 15:00:00+00:00,6.8864
1995-05-21 18:00:00+00:00,6.7554
1995-05-21 21:00:00+00:00,6.4262
1995-05-22 00:00:00+00:00,5.9354
1995-05-22 03:00:00+00:00,6.1818
1995-05-22 06:00:00+00:00,6.1936
1995-05-22 09:00:00+00:00,6.5316
1995-05-22 12:00:00+00:00,6.6943
1995-05-22 15:00:00+00:00,6.7092
1995-05-22 18:00:00+00:00,6.5609
1995-05-22 21:00:00+00:00,6.1655
1995-05-23 00:00:00+00:00,6.0032
1995-05-23 03:00:00+00:00,6.0911
1995-05-23 06:00:00+00:00,6.2313
1995-05-23 09:00:00+00:00,6.2169
1995-05-23 12:00:00+00:00,6.1473
1995-05-23 15:00:00+00:00,6.3365
1995-05-23 18:00:00+00:00,6.7021
1995-05-23 21:00:00+00:00,6.7904
1995-05-24 00:00:00+00:00,6.5971
1995-05-24 03:00:00+00:00,6.6023
1995-05-24 06:00:00+00:00,6.6634
1995-05-24 09:00:00+00:00,6.7456
1995-05-24 12:00:00+00:00,6.7573
1995-05-24 15:00:00+00:00,6.9791
1995-05-24 18:00:00+00:00,7.2161
1995-05-24 21:00:00+00:00,7.243
1995-05-25 00:00:00+00:00,6.1405
1995-05-25 03:00:00+00:00,6.0651
1995-05-25 06:00:00+00:00,6.0572
1995-05-25 09:00:00+00:00,6.4291
1995-05-25 12:00:00+00:00,6.6993
1995-05-25 15:00:00+00:00,6.7073
1995-05-25 18:00:00+00:00,6.6128
1995-05-25 21:00:00+00:00,6.6444
1995-05-26 00:00:00+00:00,6.4665
1995-05-26 03:00:00+00:00,6.6616
1995-05-26 06:00:00+00:00,6.8825
1995-05-26 09:00:00+00:00,7.0178
1995-05-26 12:00:00+00:00,7.1089
1995-05-26 15:00:00+00:00,7.216
1995-05-26 18:00:00+00:00,7.3548
1995-05-26 21:00:00+00:00,7.3558
1995-05-27 00:00:00+00:00,6.6116
1995-05-27 03:00:00+00:00,7.0415
1995-05-27 06:00:00+00:00,7.4021
1995-05-27 09:00:00+00:00,7.6474
1995-05-27 12:00:00+00:00,7.8225
1995-05-27 15:00:00+00:00,7.9973
1995-05-27 18:00:00+00:00,8.2043
1995-05-27 21:00:00+00:00,8.3537
1995-05-28 00:00:00+00:00,6.2346
1995-05-28 03:00:00+00:00,5.3943
1995-05-28 06:00:00+00:00,5.3827
1995-05-28 09:00:00+00:00,5.7205
1995-05-28 12:00:00+00:00,5.9937
1995-05-28 15:00:00+00:00,6.0898
1995-05-28 18:00:00+00:00,6.0802
1995-05-28 21:00:00+00:00,5.3424
1995-05-29 00:00:00+00:00,5.1179
1995-05-29 03:00:00+00:00,5.2492
1995-05-29 06:00:00+00:00,5.6602
1995-05-29 09:00:00+00:00,6.675
1995-05-29 12:00:00+00:00,7.9502
1995-05-29 15:00:00+00:00,8.6079
1995-05-29 18:00:00+00:00,8.8109
1995-05-29 21:00:00+00:00,8.6394
1995-05-30 00:00:00+00:00,8.0011
1995-05-30 03:00:00+00:00,7.843
1995-05-30 06:00:00+00:00,7.8864
1995-05-30 09:00:00+00:00,8.166
1995-05-30 12:00:00+00:00,7.8937
1995-05-30 15:00:00+00:00,7.767
1995-05-30 18:00:00+00:00,7.4414
1995-05-30 21:00:00+00:00,6.8904
1995-05-31 00:00:00+00:00,6.6916
1995-05-31 03:00:00+00:00,6.4189
1995-05-31 06:00:00+00:00,6.5732
1995-05-31 09:00:00+00:00,6.661
1995-05-31 12:00:00+00:00,6.6587
1995-05-31 15:00:00+00:00,6.5615
1995-05-31 18:00:00+00:00,6.4638
1995-05-31 21:00:00+00:00,5.956
1995-06-01 00:00:00+00:00,5.9009
1995-06-01 03:00:00+00:00,5.9192
1995-06-01 06:00:00+00:00,6.0531
1995-06-01 09:00:00+00:00,6.2311
1995-06-01 12:00:00+00:00,6.4188
1995-06-01 15:00:00+00:00,6.4892
1995-06-01 18:00:00+00:00,6.5681
1995-06-01 21:00:00+00:00,5.9733
1995-06-02 00:00:00+00:00,5.8613
1995-06-02 03:00:00+00:00,5.9041
1995-06-02 06:00:00+00:00,5.9985
1995-06-02 09:00:00+00:00,6.4239
1995-06-02 12:00:00+00:00,6.7897
1995-06-02 15:00:00+00:00,7.1548
1995-06-02 18:00:00+00:00,7.4156
1995-06-02 21:00:00+00:00,7.4481
1995-06-03 00:00:00+00:00,6.8937
1995-06-03 03:00:00+00:00,6.6904
1995-06-03 06:00:00+00:00,6.9307
1995-06-03 09:00:00+00:00,7.4382
1995-06-03 12:00:00+00:00,7.8756
1995-06-03 15:00:00+00:00,8.1921
1995-06-03 18:00:00+00:00,8.4319
1995-06-03 21:00:00+00:00,8.6095
1995-06-04 00:00:00+00:00,8.5421
1995-06-04 03:00:00+00:00,8.7995
1995-06-04 06:00:00+00:00,8.8325
1995-06-04 09:00:00+00:00,8.5295
1995-06-04 12:00:00+00:00,7.8711
1995-06-04 15:00:00+00:00,8.0741
1995-06-04 18:00:00+00:00,8.1793
1995-06-04 21:00:00+00:00,8.6914
1995-06-05 00:00:00+00:00,9.2837
1995-06-05 03:00:00+00:00,9.2479
1995-06-05 06:00:00+00:00,9.5211
1995-06-05 09:00:00+00:00,10.0049
1995-06-05 12:00:00+00:00,10.4978
1995-06-05 15:00:00+00:00,10.6093
1995-06-05 18:00:00+00:00,10.2458
1995-06-05 21:00:00+00:00,10.0522
1995-06-06 00:00:00+00:00,9.788
1995-06-06 03:00:00+00:00,9.3843
1995-06-06 06:00:00+00:00,9.041
1995-06-06 09:00:00+00:00,9.3442
1995-06-06 12:00:00+00:00,9.3848
1995-06-06 15:00:00+00:00,8.8174
1995-06-06 18:00:00+00:00,8.3272
1995-06-06 21:00:00+00:00,8.1704
1995-06-07 00:00:00+00:00,8.0093
1995-06-07 03:00:00+00:00,7.5783
1995-06-07 06:00:00+00:00,7.607
1995-06-07 09:00:00+00:00,7.8836
1995-06-07 12:00:00+00:00,8.2426
1995-06-07 15:00:00+00:00,8.6321
1995-06-07 18:00:00+00:00,8.8755
1995-06-07 21:00:00+00:00,8.8463
1995-06-08 00:00:00+00:00,8.0639
1995-06-08 03:00:00+00:00,6.9876
1995-06-08 06:00:00+00:00,6.7897
1995-06-08 09:00:00+00:00,6.7921
1995-06-08 12:00:00+00:00,6.9541
1995-06-08 15:00:00+00:00,7.0309
1995-06-08 18:00:00+00:00,7.3199
1995-06-08 21:00:00+00:00,6.9359
1995-06-09 00:00:00+00:00,6.1999
1995-06-09 03:00:00+00:00,6.7537
1995-06-09 06:00:00+00:00,7.3633
1995-06-09 09:00:00+00:00,7.7382
1995-06-09 12:00:00+00:00,7.9496
1995-06-09 15:00:00+00:00,8.0829
1995-06-09 18:00:00+00:00,8.1778
1995-06-09 21:00:00+00:00,7.8399
1995-06-10 00:00:00+00:00,6.8298
1995-06-10 03:00:00+00:00,6.5703
1995-06-10 06:00:00+00:00,6.4665
1995-06-10 09:00:00+00:00,6.7007
1995-06-10 12:00:00+00:00,6.8494
1995-06-10 15:00:00+00:00,7.9329
1995-06-10 18:00:00+00:00,8.8095
1995-06-10 21:00:00+00:00,9.1748
1995-06-11 00:00:00+00:00,10.3518
1995-06-11 03:00:00+00:00,10.6992
1995-06-11 06:00:00+00:00,10.4275
1995-06-11 09:00:00+00:00,10.0618
1995-06-11 12:00:00+00:00,9.7764
1995-06-11 15:00:00+00:00,9.4929
1995-06-11 18:00:00+00:00,9.3166
1995-06-11 21:00:00+00:00,8.9349
1995-06-12 00:00:00+00:00,8.318
1995-06-12 03:00:00+00:00,8.4199
1995-06-12 06:00:00+00:00,8.3534
1995-06-12 09:00:00+00:00,8.1765
1995-06-12 12:00:00+00:00,7.7492
1995-06-12 15:00:00+00:00,7.6009
1995-06-12 18:00:00+00:00,7.9274
1995-06-12 21:00:00+00:00,8.3607
1995-06-13 00:00:00+00:00,8.7838
1995-06-13 03:00:00+00:00,8.538
1995-06-13 06:00:00+00:00,8.48
1995-06-13 09:00:00+00:00,8.7104
1995-06-13 12:00:00+00:00,8.8721
1995-06-13 15:00:00+00:00,9.0033
1995-06-13 18:00:00+00:00,8.9971
1995-06-13 21:00:00+00:00,8.8401
1995-06-14 00:00:00+00:00,8.8703
1995-06-14 03:00:00+00:00,8.84
1995-06-14 06:00:00+00:00,8.8315
1995-06-14 09:00:00+00:00,8.7697
1995-06-14 12:00:00+00:00,8.1328
1995-06-14 15:00:00+00:00,7.8555
1995-06-14 18:00:00+00:00,7.6411
1995-06-14 21:00:00+00:00,7.6098
1995-06-15 00:00:00+00:00,8.0368
1995-06-15 03:00:00+00:00,8.406
1995-06-15 06:00:00+00:00,8.6669
1995-06-15 09:00:00+00:00,8.7704
1995-06-15 12:00:00+00:00,8.774
1995-06-15 15:00:00+00:00,8.9337
1995-06-15 18:00:00+00:00,9.2324
1995-06-15 21:00:00+00:00,8.9126
1995-06-16 00:00:00+00:00,7.5118
1995-06-16 03:00:00+00:00,7.3323
1995-06-16 06:00:00+00:00,7.4524
1995-06-16 09:00:00+00:00,7.737
1995-06-16 12:00:00+00:00,7.7159
1995-06-16 15:00:00+00:00,7.5011
1995-06-16 18:00:00+00:00,7.6999
1995-06-16 21:00:00+00:00,8.5147
1995-06-17 00:00:00+00:00,8.853
1995-06-17 03:00:00+00:00,9.1535
1995-06-17 06:00:00+00:00,9.4069
1995-06-17 09:00:00+00:00,9.1607
1995-06-17 12:00:00+00:00,7.3382
1995-06-17 15:00:00+00:00,6.9014
1995-06-17 18:00:00+00:00,7.7912
1995-06-17 21:00:00+00:00,8.4011
1995-06-18 00:00:00+00:00,8.5269
1995-06-18 03:00:00+00:00,8.2905
1995-06-18 06:00:00+00:00,8.54
1995-06-18 09:00:00+00:00,8.5556
1995-06-18 12:00:00+00:00,8.6258
1995-06-18 15:00:00+00:00,8.7057
1995-06-18 18:00:00+00:00,9.1387
1995-06-18 21:00:00+00:00,8.6764
1995-06-19 00:00:00+00:00,8.7358
1995-06-19 03:00:00+00:00,8.92
1995-06-19 06:00:00+00:00,9.3195
1995-06-19 09:00:00+00:00,9.3753
1995-06-19 12:00:00+00:00,9.2912
1995-06-19 15:00:00+00:00,9.1665
1995-06-19 18:00:00+00:00,8.9798
1995-06-19 21:00:00+00:00,8.3874
1995-06-20 00:00:00+00:00,6.8953
1995-06-20 03:00:00+00:00,6.895
1995-06-20 06:00:00+00:00,6.6998
1995-06-20 09:00:00+00:00,7.0299
1995-06-20 12:00:00+00:00,7.2887
1995-06-20 15:00:00+00:00,6.6132
1995-06-20 18:00:00+00:00,6.4604
1995-06-20 21:00:00+00:00,6.5324
1995-06-21 00:00:00+00:00,6.4879
1995-06-21 03:00:00+00:00,6.4375
1995-06-21 06:00:00+00:00,6.4836
1995-06-21 09:00:00+00:00,6.062
1995-06-21 12:00:00+00:00,6.0257
1995-06-21 15:00:00+00:00,6.2979
1995-06-21 18:00:00+00:00,6.4791
1995-06-21 21:00:00+00:00,6.6932
1995-06-22 00:00:00+00:00,6.897
1995-06-22 03:00:00+00:00,6.6017
1995-06-22 06:00:00+00:00,6.6533
1995-06-22 09:00:00+00:00,6.9797
1995-06-22 12:00:00+00:00,7.1864
1995-06-22 15:00:00+00:00,7.0557
1995-06-22 18:00:00+00:00,7.1117
1995-06-22 21:00:00+00:00,7.2027
1995-06-23 00:00:00+00:00,6.2716
1995-06-23 03:00:00+00:00,5.6133
1995-06-23 06:00:00+00:00,5.7569
1995-06-23 09:00:00+00:00,6.0788
1995-06-23 12:00:00+00:00,6.2661
1995-06-23 15:00:00+00:00,6.3367
1995-06-23 18:00:00+00:00,6.2396
1995-06-23 21:00:00+00:00,5.3495
1995-06-24 00:00:00+00:00,4.8019
1995-06-24 03:00:00+00:00,4.8997
1995-06-24 06:00:00+00:00,5.074
1995-06-24 09:00:00+00:00,5.3846
1995-06-24 12:00:00+00:00,5.4151
1995-06-24 15:00:00+00:00,5.4651
1995-06-24 18:00:00+00:00,5.4622
1995-06-24 21:00:00+00:00,5.4231
1995-06-25 00:00:00+00:00,5.0674
1995-06-25 03:00:00+00:00,4.9929
1995-06-25 06:00:00+00:00,5.0274
1995-06-25 09:00:00+00:00,5.2381
1995-06-25 12:00:00+00:00,5.3429
1995-06-25 15:00:00+00:00,5.1541
1995-06-25 18:00:00+00:00,4.9716
1995-06-25 21:00:00+00:00,4.8799
1995-06-26 00:00:00+00:00,5.2383
1995-06-26 03:00:00+00:00,5.5035
1995-06-26 06:00:00+00:00,5.6366
1995-06-26 09:00:00+00:00,5.7091
1995-06-26 12:00:00+00:00,5.9594
1995-06-26 15:00:00+00:00,6.1742
1995-06-26 18:00:00+00:00,6.0154
1995-06-26 21:00:00+00:00,5.654
1995-06-27 00:00:00+00:00,5.4391
1995-06-27 03:00:00+00:00,5.6517
1995-06-27 06:00:00+00:00,5.6402
1995-06-27 09:00:00+00:00,5.7295
1995-06-27 12:00:00+00:00,5.5466
1995-06-27 15:00:00+00:00,5.5447
1995-06-27 18:00:00+00:00,5.4169
1995-06-27 21:00:00+00:00,5.2346
1995-06-28 00:00:00+00:00,5.2102
1995-06-28 03:00:00+00:00,5.3238
1995-06-28 06:00:00+00:00,5.3805
1995-06-28 09:00:00+00:00,5.5268
1995-06-28 12:00:00+00:00,5.6171
1995-06-28 15:00:00+00:00,5.4686
1995-06-28 18:00:00+00:00,5.3494
1995-06-28 21:00:00+00:00,5.1974
1995-06-29 00:00:00+00:00,4.7451
1995-06-29 03:00:00+00:00,4.9564
1995-06-29 06:00:00+00:00,5.0637
1995-06-29 09:00:00+00:00,5.2515
1995-06-29 12:00:00+00:00,5.3677
1995-06-29 15:00:00+00:00,5.6942
1995-06-29 18:00:00+00:00,6.1958
1995-06-29 21:00:00+00:00,6.3505
1995-06-30 00:00:00+00:00,5.0031
1995-06-30 03:00:00+00:00,5.3338
1995-06-30 06:00:00+00:00,5.6422
1995-06-30 09:00:00+00:00,6.2176
1995-06-30 12:00:00+00:00,6.4868
1995-06-30 15:00:00+00:00,6.7024
1995-06-30 18:00:00+00:00,6.868
1995-06-30 21:00:00+00:00,6.9614
1995-07-01 00:00:00+00:00,7.0294
1995-07-01 03:00:00+00:00,7.1271
1995-07-01 06:00:00+00:00,7.2353
1995-07-01 09:00:00+00:00,7.36
1995-07-01 12:00:00+00:00,7.4178
1995-07-01 15:00:00+00:00,7.4005
1995-07-01 18:00:00+00:00,7.3633
1995-07-01 21:00:00+00:00,7.2117
1995-07-02 00:00:00+00:00,6.5248
1995-07-02 03:00:00+00:00,6.4192
1995-07-02 06:00:00+00:00,6.4786
1995-07-02 09:00:00+00:00,6.8706
1995-07-02 12:00:00+00:00,7.0651
1995-07-02 15:00:00+00:00,7.0359
1995-07-02 18:00:00+00:00,6.9553
1995-07-02 21:00:00+00:00,7.0174
1995-07-03 00:00:00+00:00,6.987
1995-07-03 03:00:00+00:00,6.9661
1995-07-03 06:00:00+00:00,7.0093
1995-07-03 09:00:00+00:00,7.2616
1995-07-03 12:00:00+00:00,7.5014
1995-07-03 15:00:00+00:00,7.6309
1995-07-03 18:00:00+00:00,7.6274
1995-07-03 21:00:00+00:00,7.7019
1995-07-04 00:00:00+00:00,7.8831
1995-07-04 03:00:00+00:00,7.9806
1995-07-04 06:00:00+00:00,8.1128
1995-07-04 09:00:00+00:00,8.3457
1995-07-04 12:00:00+00:00,8.5873
1995-07-04 15:00:00+00:00,8.7874
1995-07-04 18:00:00+00:00,8.7979
1995-07-04 21:00:00+00:00,8.888
1995-07-05 00:00:00+00:00,8.9706
1995-07-05 03:00:00+00:00,8.2423
1995-07-05 06:00:00+00:00,7.8277
1995-07-05 09:00:00+00:00,7.7402
1995-07-05 12:00:00+00:00,7.6874
1995-07-05 15:00:00+00:00,7.8622
1995-07-05 18:00:00+00:00,8.1634
1995-07-05 21:00:00+00:00,8.3322
1995-07-06 00:00:00+00:00,7.2435
1995-07-06 03:00:00+00:00,6.526
1995-07-06 06:00:00+00:00,6.6341
1995-07-06 09:00:00+00:00,6.7538
1995-07-06 12:00:00+00:00,6.6715
1995-07-06 15:00:00+00:00,6.8742
1995-07-06 18:00:00+00:00,7.0731
1995-07-06 21:00:00+00:00,7.4191
1995-07-07 00:00:00+00:00,7.3593
1995-07-07 03:00:00+00:00,7.5758
1995-07-07 06:00:00+00:00,7.6678
1995-07-07 09:00:00+00:00,7.7062
1995-07-07 12:00:00+00:00,7.6324
1995-07-07 15:00:00+00:00,7.5595
1995-07-07 18:00:00+00:00,7.7845
1995-07-07 21:00:00+00:00,7.9526
1995-07-08 00:00:00+00:00,7.6479
1995-07-08 03:00:00+00:00,7.7013
1995-07-08 06:00:00+00:00,7.9486
1995-07-08 09:00:00+00:00,8.0498
1995-07-08 12:00:00+00:00,8.0893
1995-07-08 15:00:00+00:00,8.1119
1995-07-08 18:00:00+00:00,8.1135
1995-07-08 21:00:00+00:00,7.7489
1995-07-09 00:00:00+00:00,6.6453
1995-07-09 03:00:00+00:00,5.8724
1995-07-09 06:00:00+00:00,6.2777
1995-07-09 09:00:00+00:00,6.6066
1995-07-09 12:00:00+00:00,6.835
1995-07-09 15:00:00+00:00,6.9639
1995-07-09 18:00:00+00:00,6.9849
1995-07-09 21:00:00+00:00,6.9024
1995-07-10 00:00:00+00:00,6.6539
1995-07-10 03:00:00+00:00,6.7989
1995-07-10 06:00:00+00:00,6.897
1995-07-10 09:00:00+00:00,6.9996
1995-07-10 12:00:00+00:00,7.1773
1995-07-10 15:00:00+00:00,7.1752
1995-07-10 18:00:00+00:00,7.2642
1995-07-10 21:00:00+00:00,7.4754
1995-07-11 00:00:00+00:00,7.5971
1995-07-11 03:00:00+00:00,7.558
1995-07-11 06:00:00+00:00,7.2426
1995-07-11 09:00:00+00:00,7.3404
1995-07-11 12:00:00+00:00,7.4751
1995-07-11 15:00:00+00:00,7.6133
1995-07-11 18:00:00+00:00,7.7173
1995-07-11 21:00:00+00:00,7.2577
1995-07-12 00:00:00+00:00,5.6275
1995-07-12 03:00:00+00:00,5.2566
1995-07-12 06:00:00+00:00,5.0932
1995-07-12 09:00:00+00:00,5.2584
1995-07-12 12:00:00+00:00,5.686
1995-07-12 15:00:00+00:00,6.0572
1995-07-12 18:00:00+00:00,6.4556
1995-07-12 21:00:00+00:00,6.4216
1995-07-13 00:00:00+00:00,6.2507
1995-07-13 03:00:00+00:00,6.9829
1995-07-13 06:00:00+00:00,7.4052
1995-07-13 09:00:00+00:00,7.6064
1995-07-13 12:00:00+00:00,7.7047
1995-07-13 15:00:00+00:00,7.7458
1995-07-13 18:00:00+00:00,7.6981
1995-07-13 21:00:00+00:00,7.6558
1995-07-14 00:00:00+00:00,7.6392
1995-07-14 03:00:00+00:00,7.4634
1995-07-14 06:00:00+00:00,7.1852
1995-07-14 09:00:00+00:00,7.2785
1995-07-14 12:00:00+00:00,7.32
1995-07-14 15:00:00+00:00,6.8628
1995-07-14 18:00:00+00:00,6.3348
1995-07-14 21:00:00+00:00,5.7415
1995-07-15 00:00:00+00:00,5.2868
1995-07-15 03:00:00+00:00,5.305
1995-07-15 06:00:00+00:00,5.3227
1995-07-15 09:00:00+00:00,5.318
1995-07-15 12:00:00+00:00,5.4588
1995-07-15 15:00:00+00:00,5.6269
1995-07-15 18:00:00+00:00,5.5645
1995-07-15 21:00:00+00:00,5.169
1995-07-16 00:00:00+00:00,5.1505
1995-07-16 03:00:00+00:00,5.453
1995-07-16 06:00:00+00:00,5.5912
1995-07-16 09:00:00+00:00,5.6572
1995-07-16 12:00:00+00:00,5.6915
1995-07-16 15:00:00+00:00,5.757
1995-07-16 18:00:00+00:00,5.7664
1995-07-16 21:00:00+00:00,5.483
1995-07-17 00:00:00+00:00,5.603
1995-07-17 03:00:00+00:00,5.9075
1995-07-17 06:00:00+00:00,6.0327
1995-07-17 09:00:00+00:00,6.3394
1995-07-17 12:00:00+00:00,6.5086
1995-07-17 15:00:00+00:00,6.8113
1995-07-17 18:00:00+00:00,6.8991
1995-07-17 21:00:00+00:00,6.7508
1995-07-18 00:00:00+00:00,5.6944
1995-07-18 03:00:00+00:00,5.883
1995-07-18 06:00:00+00:00,6.177
1995-07-18 09:00:00+00:00,6.5163
1995-07-18 12:00:00+00:00,6.7984
1995-07-18 15:00:00+00:00,7.0756
1995-07-18 18:00:00+00:00,7.2941
1995-07-18 21:00:00+00:00,7.462
1995-07-19 00:00:00+00:00,7.6848
1995-07-19 03:00:00+00:00,7.8209
1995-07-19 06:00:00+00:00,7.7859
1995-07-19 09:00:00+00:00,7.7089
1995-07-19 12:00:00+00:00,7.6734
1995-07-19 15:00:00+00:00,7.6657
1995-07-19 18:00:00+00:00,7.6637
1995-07-19 21:00:00+00:00,7.7181
1995-07-20 00:00:00+00:00,7.8412
1995-07-20 03:00:00+00:00,7.9365
1995-07-20 06:00:00+00:00,7.9162
1995-07-20 09:00:00+00:00,7.8113
1995-07-20 12:00:00+00:00,7.6667
1995-07-20 15:00:00+00:00,7.5283
1995-07-20 18:00:00+00:00,7.4251
1995-07-20 21:00:00+00:00,7.3641
1995-07-21 00:00:00+00:00,7.3404
1995-07-21 03:00:00+00:00,7.3642
1995-07-21 06:00:00+00:00,7.3838
1995-07-21 09:00:00+00:00,7.3849
1995-07-21 12:00:00+00:00,7.3858
1995-07-21 15:00:00+00:00,7.4441
1995-07-21 18:00:00+00:00,7.5195
1995-07-21 21:00:00+00:00,7.1802
1995-07-22 00:00:00+00:00,6.9799
1995-07-22 03:00:00+00:00,7.1462
1995-07-22 06:00:00+00:00,7.3108
1995-07-22 09:00:00+00:00,7.5021
1995-07-22 12:00:00+00:00,7.7719
1995-07-22 15:00:00+00:00,8.0368
1995-07-22 18:00:00+00:00,8.1945
1995-07-22 21:00:00+00:00,8.2506
1995-07-23 00:00:00+00:00,8.2315
1995-07-23 03:00:00+00:00,8.1636
1995-07-23 06:00:00+00:00,8.059
1995-07-23 09:00:00+00:00,7.932
1995-07-23 12:00:00+00:00,7.8001
1995-07-23 15:00:00+00:00,7.6785
1995-07-23 18:00:00+00:00,7.569
1995-07-23 21:00:00+00:00,7.4697
1995-07-24 00:00:00+00:00,7.3818
1995-07-24 03:00:00+00:00,7.2922
1995-07-24 06:00:00+00:00,7.1892
1995-07-24 09:00:00+00:00,7.066
1995-07-24 12:00:00+00:00,6.8549
1995-07-24 15:00:00+00:00,6.0323
1995-07-24 18:00:00+00:00,5.7421
1995-07-24 21:00:00+00:00,5.4324
1995-07-25 00:00:00+00:00,4.5616
1995-07-25 03:00:00+00:00,4.6154
1995-07-25 06:00:00+00:00,4.6848
1995-07-25 09:00:00+00:00,4.7845
1995-07-25 12:00:00+00:00,4.9986
1995-07-25 15:00:00+00:00,5.1503
1995-07-25 18:00:00+00:00,5.3896
1995-07-25 21:00:00+00:00,5.0175
1995-07-26 00:00:00+00:00,4.9829
1995-07-26 03:00:00+00:00,6.2171
1995-07-26 06:00:00+00:00,7.1394
1995-07-26 09:00:00+00:00,6.6155
1995-07-26 12:00:00+00:00,5.8341
1995-07-26 15:00:00+00:00,6.0688
1995-07-26 18:00:00+00:00,6.8438
1995-07-26 21:00:00+00:00,7.1637
1995-07-27 00:00:00+00:00,7.898
1995-07-27 03:00:00+00:00,8.2163
1995-07-27 06:00:00+00:00,8.3535
1995-07-27 09:00:00+00:00,8.435
1995-07-27 12:00:00+00:00,8.486
1995-07-27 15:00:00+00:00,8.5131
1995-07-27 18:00:00+00:00,8.4968
1995-07-27 21:00:00+00:00,7.6215
1995-07-28 00:00:00+00:00,6.1816
1995-07-28 03:00:00+00:00,6.1141
1995-07-28 06:00:00+00:00,6.164
1995-07-28 09:00:00+00:00,6.5302
1995-07-28 12:00:00+00:00,6.8964
1995-07-28 15:00:00+00:00,7.1556
1995-07-28 18:00:00+00:00,7.2478
1995-07-28 21:00:00+00:00,6.7881
1995-07-29 00:00:00+00:00,5.9182
1995-07-29 03:00:00+00:00,5.9518
1995-07-29 06:00:00+00:00,6.105
1995-07-29 09:00:00+00:00,6.2032
1995-07-29 12:00:00+00:00,6.6727
1995-07-29 15:00:00+00:00,6.456
1995-07-29 18:00:00+00:00,6.3977
1995-07-29 21:00:00+00:00,6.7539
1995-07-30 00:00:00+00:00,6.2605
1995-07-30 03:00:00+00:00,6.1824
1995-07-30 06:00:00+00:00,6.1198
1995-07-30 09:00:00+00:00,6.042
1995-07-30 12:00:00+00:00,6.3299
1995-07-30 15:00:00+00:00,6.4072
1995-07-30 18:00:00+00:00,6.3256
1995-07-30 21:00:00+00:00,5.6791
1995-07-31 00:00:00+00:00,5.4074
1995-07-31 03:00:00+00:00,5.5183
1995-07-31 06:00:00+00:00,5.5121
1995-07-31 09:00:00+00:00,5.5195
1995-07-31 12:00:00+00:00,5.4615
1995-07-31 15:00:00+00:00,5.5763
1995-07-31 18:00:00+00:00,5.6058
1995-07-31 21:00:00+00:00,5.5489
1995-08-01 00:00:00+00:00,5.8273
1995-08-01 03:00:00+00:00,5.9918
1995-08-01 06:00:00+00:00,6.1005
1995-08-01 09:00:00+00:00,6.3202
1995-08-01 12:00:00+00:00,6.5419
1995-08-01 15:00:00+00:00,6.6639
1995-08-01 18:00:00+00:00,6.8638
1995-08-01 21:00:00+00:00,6.5383
1995-08-02 00:00:00+00:00,5.9004
1995-08-02 03:00:00+00:00,5.9815
1995-08-02 06:00:00+00:00,5.8896
1995-08-02 09:00:00+00:00,6.3199
1995-08-02 12:00:00+00:00,6.2667
1995-08-02 15:00:00+00:00,6.2904
1995-08-02 18:00:00+00:00,6.3344
1995-08-02 21:00:00+00:00,6.3036
1995-08-03 00:00:00+00:00,5.5758
1995-08-03 03:00:00+00:00,5.5156
1995-08-03 06:00:00+00:00,5.4968
1995-08-03 09:00:00+00:00,5.5328
1995-08-03 12:00:00+00:00,5.7681
1995-08-03 15:00:00+00:00,6.0455
1995-08-03 18:00:00+00:00,6.0977
1995-08-03 21:00:00+00:00,5.6556
1995-08-04 00:00:00+00:00,5.0169
1995-08-04 03:00:00+00:00,5.2365
1995-08-04 06:00:00+00:00,5.542
1995-08-04 09:00:00+00:00,5.8643
1995-08-04 12:00:00+00:00,6.0974
1995-08-04 15:00:00+00:00,6.3674
1995-08-04 18:00:00+00:00,6.3823
1995-08-04 21:00:00+00:00,6.0503
1995-08-05 00:00:00+00:00,5.9219
1995-08-05 03:00:00+00:00,6.1314
1995-08-05 06:00:00+00:00,6.2221
1995-08-05 09:00:00+00:00,6.439
1995-08-05 12:00:00+00:00,6.5917
1995-08-05 15:00:00+00:00,6.8042
1995-08-05 18:00:00+00:00,7.2393
1995-08-05 21:00:00+00:00,7.685
1995-08-06 00:00:00+00:00,7.6468
1995-08-06 03:00:00+00:00,8.0064
1995-08-06 06:00:00+00:00,8.3557
1995-08-06 09:00:00+00:00,8.4578
1995-08-06 12:00:00+00:00,8.4686
1995-08-06 15:00:00+00:00,8.2728
1995-08-06 18:00:00+00:00,5.8886
1995-08-06 21:00:00+00:00,5.3719
1995-08-07 00:00:00+00:00,5.5363
1995-08-07 03:00:00+00:00,6.247
1995-08-07 06:00:00+00:00,6.5014
1995-08-07 09:00:00+00:00,7.2069
1995-08-07 12:00:00+00:00,7.8328
1995-08-07 15:00:00+00:00,8.0212
1995-08-07 18:00:00+00:00,8.0712
1995-08-07 21:00:00+00:00,8.1507
1995-08-08 00:00:00+00:00,8.1441
1995-08-08 03:00:00+00:00,8.0434
1995-08-08 06:00:00+00:00,8.1161
1995-08-08 09:00:00+00:00,8.1108
1995-08-08 12:00:00+00:00,8.0689
1995-08-08 15:00:00+00:00,8.0151
1995-08-08 18:00:00+00:00,7.9462
1995-08-08 21:00:00+00:00,7.8684
1995-08-09 00:00:00+00:00,7.7762
1995-08-09 03:00:00+00:00,7.41
1995-08-09 06:00:00+00:00,6.8793
1995-08-09 09:00:00+00:00,6.9676
1995-08-09 12:00:00+00:00,6.8513
1995-08-09 15:00:00+00:00,6.7293
1995-08-09 18:00:00+00:00,6.9569
1995-08-09 21:00:00+00:00,6.6668
1995-08-10 00:00:00+00:00,5.9946
1995-08-10 03:00:00+00:00,6.5721
1995-08-10 06:00:00+00:00,7.108
1995-08-10 09:00:00+00:00,7.5107
1995-08-10 12:00:00+00:00,7.8801
1995-08-10 15:00:00+00:00,8.2182
1995-08-10 18:00:00+00:00,8.4716
1995-08-10 21:00:00+00:00,8.6351
1995-08-11 00:00:00+00:00,8.6462
1995-08-11 03:00:00+00:00,8.705
1995-08-11 06:00:00+00:00,8.6814
1995-08-11 09:00:00+00:00,8.6264
1995-08-11 12:00:00+00:00,8.5949
1995-08-11 15:00:00+00:00,8.5444
1995-08-11 18:00:00+00:00,8.4571
1995-08-11 21:00:00+00:00,8.356
1995-08-12 00:00:00+00:00,7.8466
1995-08-12 03:00:00+00:00,7.5412
1995-08-12 06:00:00+00:00,7.4707
1995-08-12 09:00:00+00:00,7.6173
1995-08-12 12:00:00+00:00,7.6735
1995-08-12 15:00:00+00:00,7.633
1995-08-12 18:00:00+00:00,7.5845
1995-08-12 21:00:00+00:00,7.7153
1995-08-13 00:00:00+00:00,7.6766
1995-08-13 03:00:00+00:00,7.5081
1995-08-13 06:00:00+00:00,7.286
1995-08-13 09:00:00+00:00,7.5969
1995-08-13 12:00:00+00:00,8.0193
1995-08-13 15:00:00+00:00,8.1124
1995-08-13 18:00:00+00:00,8.2843
1995-08-13 21:00:00+00:00,7.7051
1995-08-14 00:00:00+00:00,6.2363
1995-08-14 03:00:00+00:00,6.0205
1995-08-14 06:00:00+00:00,6.2861
1995-08-14 09:00:00+00:00,6.753
1995-08-14 12:00:00+00:00,7.1691
1995-08-14 15:00:00+00:00,7.5862
1995-08-14 18:00:00+00:00,8.0824
1995-08-14 21:00:00+00:00,8.5217
1995-08-15 00:00:00+00:00,8.8427
1995-08-15 03:00:00+00:00,9.0477
1995-08-15 06:00:00+00:00,9.0847
1995-08-15 09:00:00+00:00,8.9977
1995-08-15 12:00:00+00:00,8.79
1995-08-15 15:00:00+00:00,7.6201
1995-08-15 18:00:00+00:00,7.3948
1995-08-15 21:00:00+00:00,7.8311
1995-08-16 00:00:00+00:00,8.1307
1995-08-16 03:00:00+00:00,8.3359
1995-08-16 06:00:00+00:00,8.5176
1995-08-16 09:00:00+00:00,8.6167
1995-08-16 12:00:00+00:00,8.6535
1995-08-16 15:00:00+00:00,8.6466
1995-08-16 18:00:00+00:00,8.5929
1995-08-16 21:00:00+00:00,8.4187
1995-08-17 00:00:00+00:00,6.997
1995-08-17 03:00:00+00:00,5.9738
1995-08-17 06:00:00+00:00,6.0998
1995-08-17 09:00:00+00:00,6.5459
1995-08-17 12:00:00+00:00,6.723
1995-08-17 15:00:00+00:00,7.0867
1995-08-17 18:00:00+00:00,7.3451
1995-08-17 21:00:00+00:00,7.601
1995-08-18 00:00:00+00:00,7.7072
1995-08-18 03:00:00+00:00,7.7131
1995-08-18 06:00:00+00:00,7.6997
1995-08-18 09:00:00+00:00,7.6341
1995-08-18 12:00:00+00:00,7.5524
1995-08-18 15:00:00+00:00,7.4694
1995-08-18 18:00:00+00:00,7.3943
1995-08-18 21:00:00+00:00,7.3302
1995-08-19 00:00:00+00:00,7.0566
1995-08-19 03:00:00+00:00,6.8258
1995-08-19 06:00:00+00:00,6.9305
1995-08-19 09:00:00+00:00,6.8916
1995-08-19 12:00:00+00:00,6.8608
1995-08-19 15:00:00+00:00,6.9846
1995-08-19 18:00:00+00:00,7.3138
1995-08-19 21:00:00+00:00,7.3616
1995-08-20 00:00:00+00:00,6.1873
1995-08-20 03:00:00+00:00,6.1678
1995-08-20 06:00:00+00:00,6.2956
1995-08-20 09:00:00+00:00,6.4695
1995-08-20 12:00:00+00:00,6.7789
1995-08-20 15:00:00+00:00,7.0942
1995-08-20 18:00:00+00:00,7.2914
1995-08-20 21:00:00+00:00,7.2862
1995-08-21 00:00:00+00:00,6.559
1995-08-21 03:00:00+00:00,6.647
1995-08-21 06:00:00+00:00,6.9793
1995-08-21 09:00:00+00:00,7.1924
1995-08-21 12:00:00+00:00,7.3108
1995-08-21 15:00:00+00:00,7.3686
1995-08-21 18:00:00+00:00,7.3743
1995-08-21 21:00:00+00:00,7.3339
1995-08-22 00:00:00+00:00,7.2533
1995-08-22 03:00:00+00:00,7.0901
1995-08-22 06:00:00+00:00,6.8008
1995-08-22 09:00:00+00:00,6.6451
1995-08-22 12:00:00+00:00,6.6235
1995-08-22 15:00:00+00:00,6.6499
1995-08-22 18:00:00+00:00,6.6766
1995-08-22 21:00:00+00:00,6.5131
1995-08-23 00:00:00+00:00,4.7068
1995-08-23 03:00:00+00:00,4.5099
1995-08-23 06:00:00+00:00,4.9095
1995-08-23 09:00:00+00:00,5.0528
1995-08-23 12:00:00+00:00,5.2002
1995-08-23 15:00:00+00:00,5.3212
1995-08-23 18:00:00+00:00,5.4262
1995-08-23 21:00:00+00:00,5.5194
1995-08-24 00:00:00+00:00,5.3971
1995-08-24 03:00:00+00:00,4.9184
1995-08-24 06:00:00+00:00,4.7675
1995-08-24 09:00:00+00:00,5.0666
1995-08-24 12:00:00+00:00,5.2547
1995-08-24 15:00:00+00:00,5.5046
1995-08-24 18:00:00+00:00,5.5656
1995-08-24 21:00:00+00:00,4.79
1995-08-25 00:00:00+00:00,4.2487
1995-08-25 03:00:00+00:00,4.4772
1995-08-25 06:00:00+00:00,4.7374
1995-08-25 09:00:00+00:00,4.916
1995-08-25 12:00:00+00:00,5.1997
1995-08-25 15:00:00+00:00,5.3114
1995-08-25 18:00:00+00:00,5.5418
1995-08-25 21:00:00+00:00,5.3148
1995-08-26 00:00:00+00:00,4.8512
1995-08-26 03:00:00+00:00,5.0954
1995-08-26 06:00:00+00:00,5.3547
1995-08-26 09:00:00+00:00,5.506
1995-08-26 12:00:00+00:00,5.5965
1995-08-26 15:00:00+00:00,5.4767
1995-08-26 18:00:00+00:00,4.3895
1995-08-26 21:00:00+00:00,5.0412
1995-08-27 00:00:00+00:00,5.8517
1995-08-27 03:00:00+00:00,6.4299
1995-08-27 06:00:00+00:00,6.668
1995-08-27 09:00:00+00:00,6.8147
1995-08-27 12:00:00+00:00,6.8636
1995-08-27 15:00:00+00:00,6.8569
1995-08-27 18:00:00+00:00,6.8452
1995-08-27 21:00:00+00:00,6.828
1995-08-28 00:00:00+00:00,6.62
1995-08-28 03:00:00+00:00,6.8298
1995-08-28 06:00:00+00:00,6.9038
1995-08-28 09:00:00+00:00,6.9424
1995-08-28 12:00:00+00:00,6.9643
1995-08-28 15:00:00+00:00,6.8977
1995-08-28 18:00:00+00:00,6.285
1995-08-28 21:00:00+00:00,5.8556
1995-08-29 00:00:00+00:00,6.1142
1995-08-29 03:00:00+00:00,5.8323
1995-08-29 06:00:00+00:00,5.378
1995-08-29 09:00:00+00:00,5.7113
1995-08-29 12:00:00+00:00,5.7555
1995-08-29 15:00:00+00:00,5.9212
1995-08-29 18:00:00+00:00,6.0901
1995-08-29 21:00:00+00:00,6.4252
1995-08-30 00:00:00+00:00,6.7891
1995-08-30 03:00:00+00:00,6.8486
1995-08-30 06:00:00+00:00,6.9548
1995-08-30 09:00:00+00:00,7.1317
1995-08-30 12:00:00+00:00,7.3373
1995-08-30 15:00:00+00:00,7.5621
1995-08-30 18:00:00+00:00,7.7635
1995-08-30 21:00:00+00:00,7.8746
1995-08-31 00:00:00+00:00,7.7305
1995-08-31 03:00:00+00:00,7.5589
1995-08-31 06:00:00+00:00,7.0787
1995-08-31 09:00:00+00:00,7.1055
1995-08-31 12:00:00+00:00,7.457
1995-08-31 15:00:00+00:00,7.7231
1995-08-31 18:00:00+00:00,7.9053
1995-08-31 21:00:00+00:00,7.4255
1995-09-01 00:00:00+00:00,6.1143
1995-09-01 03:00:00+00:00,6.0818
1995-09-01 06:00:00+00:00,6.3177
1995-09-01 09:00:00+00:00,6.6306
1995-09-01 12:00:00+00:00,6.8443
1995-09-01 15:00:00+00:00,7.01
1995-09-01 18:00:00+00:00,7.1219
1995-09-01 21:00:00+00:00,7.182
1995-09-02 00:00:00+00:00,7.2283
1995-09-02 03:00:00+00:00,7.3077
1995-09-02 06:00:00+00:00,7.4382
1995-09-02 09:00:00+00:00,6.9696
1995-09-02 12:00:00+00:00,6.8815
1995-09-02 15:00:00+00:00,7.0131
1995-09-02 18:00:00+00:00,7.1704
1995-09-02 21:00:00+00:00,7.3331
1995-09-03 00:00:00+00:00,7.5224
1995-09-03 03:00:00+00:00,7.7195
1995-09-03 06:00:00+00:00,7.8845
1995-09-03 09:00:00+00:00,8.0171
1995-09-03 12:00:00+00:00,8.1281
1995-09-03 15:00:00+00:00,8.2373
1995-09-03 18:00:00+00:00,8.3006
1995-09-03 21:00:00+00:00,7.5493
1995-09-04 00:00:00+00:00,7.5139
1995-09-04 03:00:00+00:00,7.7904
1995-09-04 06:00:00+00:00,7.9159
1995-09-04 09:00:00+00:00,7.8625
1995-09-04 12:00:00+00:00,7.6136
1995-09-04 15:00:00+00:00,7.4169
1995-09-04 18:00:00+00:00,7.1255
1995-09-04 21:00:00+00:00,6.7399
1995-09-05 00:00:00+00:00,6.1269
1995-09-05 03:00:00+00:00,5.9094
1995-09-05 06:00:00+00:00,5.7323
1995-09-05 09:00:00+00:00,5.5375
1995-09-05 12:00:00+00:00,5.2171
1995-09-05 15:00:00+00:00,5.3119
1995-09-05 18:00:00+00:00,5.5939
1995-09-05 21:00:00+00:00,6.2038
1995-09-06 00:00:00+00:00,6.8025
1995-09-06 03:00:00+00:00,7.2332
1995-09-06 06:00:00+00:00,7.5683
1995-09-06 09:00:00+00:00,7.8278
1995-09-06 12:00:00+00:00,8.0142
1995-09-06 15:00:00+00:00,8.1651
1995-09-06 18:00:00+00:00,8.3124
1995-09-06 21:00:00+00:00,8.4344
1995-09-07 00:00:00+00:00,8.5143
1995-09-07 03:00:00+00:00,8.4853
1995-09-07 06:00:00+00:00,8.4404
1995-09-07 09:00:00+00:00,8.2748
1995-09-07 12:00:00+00:00,7.7964
1995-09-07 15:00:00+00:00,7.3442
1995-09-07 18:00:00+00:00,7.0548
1995-09-07 21:00:00+00:00,6.9442
1995-09-08 00:00:00+00:00,5.95
1995-09-08 03:00:00+00:00,5.6337
1995-09-08 06:00:00+00:00,5.7397
1995-09-08 09:00:00+00:00,5.7786
1995-09-08 12:00:00+00:00,5.6466
1995-09-08 15:00:00+00:00,5.6955
1995-09-08 18:00:00+00:00,5.9069
1995-09-08 21:00:00+00:00,5.4226
1995-09-09 00:00:00+00:00,5.1163
1995-09-09 03:00:00+00:00,5.3613
1995-09-09 06:00:00+00:00,5.4864
1995-09-09 09:00:00+00:00,5.6208
1995-09-09 12:00:00+00:00,6.0827
1995-09-09 15:00:00+00:00,6.5116
1995-09-09 18:00:00+00:00,6.8947
1995-09-09 21:00:00+00:00,6.9555
1995-09-10 00:00:00+00:00,6.0239
1995-09-10 03:00:00+00:00,6.0381
1995-09-10 06:00:00+00:00,6.4187
1995-09-10 09:00:00+00:00,6.7133
1995-09-10 12:00:00+00:00,6.9712
1995-09-10 15:00:00+00:00,7.2229
1995-09-10 18:00:00+00:00,7.4585
1995-09-10 21:00:00+00:00,7.6128
1995-09-11 00:00:00+00:00,7.0749
1995-09-11 03:00:00+00:00,6.6504
1995-09-11 06:00:00+00:00,6.4993
1995-09-11 09:00:00+00:00,6.9154
1995-09-11 12:00:00+00:00,7.3578
1995-09-11 15:00:00+00:00,7.4789
1995-09-11 18:00:00+00:00,7.5835
1995-09-11 21:00:00+00:00,7.0494
1995-09-12 00:00:00+00:00,6.0299
1995-09-12 03:00:00+00:00,5.7172
1995-09-12 06:00:00+00:00,5.6844
1995-09-12 09:00:00+00:00,5.8915
1995-09-12 12:00:00+00:00,6.3024
1995-09-12 15:00:00+00:00,6.3013
1995-09-12 18:00:00+00:00,6.5137
1995-09-12 21:00:00+00:00,6.1742
1995-09-13 00:00:00+00:00,5.3949
1995-09-13 03:00:00+00:00,5.5634
1995-09-13 06:00:00+00:00,5.8379
1995-09-13 09:00:00+00:00,6.3356
1995-09-13 12:00:00+00:00,7.2712
1995-09-13 15:00:00+00:00,8.1658
1995-09-13 18:00:00+00:00,8.9591
1995-09-13 21:00:00+00:00,9.1261
1995-09-14 00:00:00+00:00,8.1771
1995-09-14 03:00:00+00:00,8.204
1995-09-14 06:00:00+00:00,8.4829
1995-09-14 09:00:00+00:00,8.7325
1995-09-14 12:00:00+00:00,8.8348
1995-09-14 15:00:00+00:00,8.8533
1995-09-14 18:00:00+00:00,8.8814
1995-09-14 21:00:00+00:00,8.8839
1995-09-15 00:00:00+00:00,8.6969
1995-09-15 03:00:00+00:00,8.7018
1995-09-15 06:00:00+00:00,8.6606
1995-09-15 09:00:00+00:00,8.6097
1995-09-15 12:00:00+00:00,8.5421
1995-09-15 15:00:00+00:00,8.4569
1995-09-15 18:00:00+00:00,8.3729
1995-09-15 21:00:00+00:00,8.2966
1995-09-16 00:00:00+00:00,8.2593
1995-09-16 03:00:00+00:00,8.2854
1995-09-16 06:00:00+00:00,8.2907
1995-09-16 09:00:00+00:00,8.2465
1995-09-16 12:00:00+00:00,8.1625
1995-09-16 15:00:00+00:00,8.0455
1995-09-16 18:00:00+00:00,7.9153
1995-09-16 21:00:00+00:00,7.7897
1995-09-17 00:00:00+00:00,7.6816
1995-09-17 03:00:00+00:00,7.5999
1995-09-17 06:00:00+00:00,7.5283
1995-09-17 09:00:00+00:00,7.4033
1995-09-17 12:00:00+00:00,7.0708
1995-09-17 15:00:00+00:00,7.1682
1995-09-17 18:00:00+00:00,7.2401
1995-09-17 21:00:00+00:00,7.3069
1995-09-18 00:00:00+00:00,7.3724
1995-09-18 03:00:00+00:00,7.4135
1995-09-18 06:00:00+00:00,7.127
1995-09-18 09:00:00+00:00,7.2352
1995-09-18 12:00:00+00:00,7.4217
1995-09-18 15:00:00+00:00,7.7316
1995-09-18 18:00:00+00:00,8.0336
1995-09-18 21:00:00+00:00,8.2317
1995-09-19 00:00:00+00:00,6.5011
1995-09-19 03:00:00+00:00,6.0707
1995-09-19 06:00:00+00:00,5.5293
1995-09-19 09:00:00+00:00,5.5584
1995-09-19 12:00:00+00:00,5.7625
1995-09-19 15:00:00+00:00,5.8078
1995-09-19 18:00:00+00:00,6.0232
1995-09-19 21:00:00+00:00,6.0217
1995-09-20 00:00:00+00:00,5.0822
1995-09-20 03:00:00+00:00,5.3876
1995-09-20 06:00:00+00:00,5.6658
1995-09-20 09:00:00+00:00,5.9293
1995-09-20 12:00:00+00:00,6.181
1995-09-20 15:00:00+00:00,6.4059
1995-09-20 18:00:00+00:00,6.6604
1995-09-20 21:00:00+00:00,6.4999
1995-09-21 00:00:00+00:00,5.844
1995-09-21 03:00:00+00:00,5.9649
1995-09-21 06:00:00+00:00,6.8023
1995-09-21 09:00:00+00:00,8.1644
1995-09-21 12:00:00+00:00,8.7107
1995-09-21 15:00:00+00:00,8.8839
1995-09-21 18:00:00+00:00,9.019
1995-09-21 21:00:00+00:00,9.4403
1995-09-22 00:00:00+00:00,9.5306
1995-09-22 03:00:00+00:00,9.237
1995-09-22 06:00:00+00:00,8.4941
1995-09-22 09:00:00+00:00,8.2246
1995-09-22 12:00:00+00:00,8.146
1995-09-22 15:00:00+00:00,8.4008
1995-09-22 18:00:00+00:00,10.3205
1995-09-22 21:00:00+00:00,12.0054
1995-09-23 00:00:00+00:00,12.9456
1995-09-23 03:00:00+00:00,13.3197
1995-09-23 06:00:00+00:00,12.9781
1995-09-23 09:00:00+00:00,12.5217
1995-09-23 12:00:00+00:00,12.1099
1995-09-23 15:00:00+00:00,12.1584
1995-09-23 18:00:00+00:00,12.041
1995-09-23 21:00:00+00:00,11.9608
1995-09-24 00:00:00+00:00,11.8498
1995-09-24 03:00:00+00:00,11.8796
1995-09-24 06:00:00+00:00,11.6413
1995-09-24 09:00:00+00:00,11.291
1995-09-24 12:00:00+00:00,10.7273
1995-09-24 15:00:00+00:00,9.9905
1995-09-24 18:00:00+00:00,9.303
1995-09-24 21:00:00+00:00,8.7194
1995-09-25 00:00:00+00:00,7.9393
1995-09-25 03:00:00+00:00,8.9022
1995-09-25 06:00:00+00:00,10.3923
1995-09-25 09:00:00+00:00,11.42
1995-09-25 12:00:00+00:00,11.6645
1995-09-25 15:00:00+00:00,11.5982
1995-09-25 18:00:00+00:00,11.4198
1995-09-25 21:00:00+00:00,11.1884
1995-09-26 00:00:00+00:00,10.9565
1995-09-26 03:00:00+00:00,10.7742
1995-09-26 06:00:00+00:00,10.5726
1995-09-26 09:00:00+00:00,10.3558
1995-09-26 12:00:00+00:00,10.1662
1995-09-26 15:00:00+00:00,9.5398
1995-09-26 18:00:00+00:00,8.1643
1995-09-26 21:00:00+00:00,6.9379
1995-09-27 00:00:00+00:00,6.7056
1995-09-27 03:00:00+00:00,6.96
1995-09-27 06:00:00+00:00,7.0994
1995-09-27 09:00:00+00:00,6.8818
1995-09-27 12:00:00+00:00,6.8035
1995-09-27 15:00:00+00:00,7.0762
1995-09-27 18:00:00+00:00,7.4226
1995-09-27 21:00:00+00:00,7.4973
1995-09-28 00:00:00+00:00,7.9092
1995-09-28 03:00:00+00:00,8.1631
1995-09-28 06:00:00+00:00,8.8556
1995-09-28 09:00:00+00:00,9.4168
1995-09-28 12:00:00+00:00,9.5427
1995-09-28 15:00:00+00:00,9.5843
1995-09-28 18:00:00+00:00,9.4311
1995-09-28 21:00:00+00:00,9.4789
1995-09-29 00:00:00+00:00,8.8721
1995-09-29 03:00:00+00:00,8.8603
1995-09-29 06:00:00+00:00,9.6409
1995-09-29 09:00:00+00:00,9.9165
1995-09-29 12:00:00+00:00,9.8281
1995-09-29 15:00:00+00:00,9.5805
1995-09-29 18:00:00+00:00,9.4115
1995-09-29 21:00:00+00:00,9.0962
1995-09-30 00:00:00+00:00,8.8
1995-09-30 03:00:00+00:00,8.4237
1995-09-30 06:00:00+00:00,7.4286
1995-09-30 09:00:00+00:00,6.6179
1995-09-30 12:00:00+00:00,7.3382
1995-09-30 15:00:00+00:00,6.6151
1995-09-30 18:00:00+00:00,6.6151
1995-09-30 21:00:00+00:00,7.0665
1995-10-01 00:00:00+00:00,7.2344
1995-10-01 03:00:00+00:00,7.411
1995-10-01 06:00:00+00:00,7.6709
1995-10-01 09:00:00+00:00,7.9227
1995-10-01 12:00:00+00:00,8.1594
1995-10-01 15:00:00+00:00,8.3111
1995-10-01 18:00:00+00:00,8.4177
1995-10-01 21:00:00+00:00,8.5155
1995-10-02 00:00:00+00:00,8.6339
1995-10-02 03:00:00+00:00,8.7575
1995-10-02 06:00:00+00:00,8.8839
1995-10-02 09:00:00+00:00,8.9909
1995-10-02 12:00:00+00:00,9.0991
1995-10-02 15:00:00+00:00,9.1223
1995-10-02 18:00:00+00:00,8.7985
1995-10-02 21:00:00+00:00,8.2119
1995-10-03 00:00:00+00:00,8.608
1995-10-03 03:00:00+00:00,8.8899
1995-10-03 06:00:00+00:00,9.0842
1995-10-03 09:00:00+00:00,9.2776
1995-10-03 12:00:00+00:00,8.3052
1995-10-03 15:00:00+00:00,6.8972
1995-10-03 18:00:00+00:00,7.5156
1995-10-03 21:00:00+00:00,7.9958
1995-10-04 00:00:00+00:00,8.1201
1995-10-04 03:00:00+00:00,8.513
1995-10-04 06:00:00+00:00,8.7879
1995-10-04 09:00:00+00:00,9.2338
1995-10-04 12:00:00+00:00,9.565
1995-10-04 15:00:00+00:00,9.8246
1995-10-04 18:00:00+00:00,9.9637
1995-10-04 21:00:00+00:00,9.9966
1995-10-05 00:00:00+00:00,9.9536
1995-10-05 03:00:00+00:00,9.6888
1995-10-05 06:00:00+00:00,8.901
1995-10-05 09:00:00+00:00,8.6713
1995-10-05 12:00:00+00:00,8.7995
1995-10-05 15:00:00+00:00,9.0393
1995-10-05 18:00:00+00:00,9.1143
1995-10-05 21:00:00+00:00,9.0175
1995-10-06 00:00:00+00:00,7.8598
1995-10-06 03:00:00+00:00,7.4285
1995-10-06 06:00:00+00:00,8.197
1995-10-06 09:00:00+00:00,8.6642
1995-10-06 12:00:00+00:00,8.9511
1995-10-06 15:00:00+00:00,9.2246
1995-10-06 18:00:00+00:00,9.9773
1995-10-06 21:00:00+00:00,10.452
1995-10-07 00:00:00+00:00,10.6353
1995-10-07 03:00:00+00:00,10.6294
1995-10-07 06:00:00+00:00,10.4589
1995-10-07 09:00:00+00:00,10.2943
1995-10-07 12:00:00+00:00,10.1073
1995-10-07 15:00:00+00:00,9.8803
1995-10-07 18:00:00+00:00,9.6502
1995-10-07 21:00:00+00:00,9.4418
1995-10-08 00:00:00+00:00,9.2533
1995-10-08 03:00:00+00:00,8.9885
1995-10-08 06:00:00+00:00,8.7851
1995-10-08 09:00:00+00:00,8.5921
1995-10-08 12:00:00+00:00,8.368
1995-10-08 15:00:00+00:00,7.9591
1995-10-08 18:00:00+00:00,8.1957
1995-10-08 21:00:00+00:00,8.9311
1995-10-09 00:00:00+00:00,9.4454
1995-10-09 03:00:00+00:00,9.7563
1995-10-09 06:00:00+00:00,9.953
1995-10-09 09:00:00+00:00,10.1047
1995-10-09 12:00:00+00:00,10.2355
1995-10-09 15:00:00+00:00,10.3538
1995-10-09 18:00:00+00:00,10.4416
1995-10-09 21:00:00+00:00,10.2916
1995-10-10 00:00:00+00:00,9.3555
1995-10-10 03:00:00+00:00,8.5281
1995-10-10 06:00:00+00:00,7.4775
1995-10-10 09:00:00+00:00,6.8665
1995-10-10 12:00:00+00:00,6.688
1995-10-10 15:00:00+00:00,6.956
1995-10-10 18:00:00+00:00,7.1478
1995-10-10 21:00:00+00:00,7.8499
1995-10-11 00:00:00+00:00,8.4227
1995-10-11 03:00:00+00:00,9.0415
1995-10-11 06:00:00+00:00,9.7696
1995-10-11 09:00:00+00:00,10.312
1995-10-11 12:00:00+00:00,10.7053
1995-10-11 15:00:00+00:00,9.3061
1995-10-11 18:00:00+00:00,9.2777
1995-10-11 21:00:00+00:00,9.1639
1995-10-12 00:00:00+00:00,8.8839
1995-10-12 03:00:00+00:00,8.7773
1995-10-12 06:00:00+00:00,8.9334
1995-10-12 09:00:00+00:00,9.6671
1995-10-12 12:00:00+00:00,9.8654
1995-10-12 15:00:00+00:00,9.8432
1995-10-12 18:00:00+00:00,10.0018
1995-10-12 21:00:00+00:00,10.1653
1995-10-13 00:00:00+00:00,10.2845
1995-10-13 03:00:00+00:00,10.3146
1995-10-13 06:00:00+00:00,10.2441
1995-10-13 09:00:00+00:00,10.0914
1995-10-13 12:00:00+00:00,9.8649
1995-10-13 15:00:00+00:00,9.6262
1995-10-13 18:00:00+00:00,9.6574
1995-10-13 21:00:00+00:00,9.9129
1995-10-14 00:00:00+00:00,10.0559
1995-10-14 03:00:00+00:00,10.0077
1995-10-14 06:00:00+00:00,9.4049
1995-10-14 09:00:00+00:00,9.4515
1995-10-14 12:00:00+00:00,9.7201
1995-10-14 15:00:00+00:00,10.0133
1995-10-14 18:00:00+00:00,10.3623
1995-10-14 21:00:00+00:00,10.5969
1995-10-15 00:00:00+00:00,10.7631
1995-10-15 03:00:00+00:00,10.8427
1995-10-15 06:00:00+00:00,10.7839
1995-10-15 09:00:00+00:00,10.5949
1995-10-15 12:00:00+00:00,10.5101
1995-10-15 15:00:00+00:00,10.3736
1995-10-15 18:00:00+00:00,8.7623
1995-10-15 21:00:00+00:00,6.2534
1995-10-16 00:00:00+00:00,6.465
1995-10-16 03:00:00+00:00,6.7971
1995-10-16 06:00:00+00:00,6.6807
1995-10-16 09:00:00+00:00,6.8185
1995-10-16 12:00:00+00:00,7.2116
1995-10-16 15:00:00+00:00,7.2725
1995-10-16 18:00:00+00:00,7.3673
1995-10-16 21:00:00+00:00,7.181
1995-10-17 00:00:00+00:00,7.2607
1995-10-17 03:00:00+00:00,7.2296
1995-10-17 06:00:00+00:00,6.6316
1995-10-17 09:00:00+00:00,6.0012
1995-10-17 12:00:00+00:00,5.2187
1995-10-17 15:00:00+00:00,5.1821
1995-10-17 18:00:00+00:00,5.5882
1995-10-17 21:00:00+00:00,6.3654
1995-10-18 00:00:00+00:00,7.6384
1995-10-18 03:00:00+00:00,7.4406
1995-10-18 06:00:00+00:00,7.9996
1995-10-18 09:00:00+00:00,9.043
1995-10-18 12:00:00+00:00,9.668
1995-10-18 15:00:00+00:00,9.8786
1995-10-18 18:00:00+00:00,9.8857
1995-10-18 21:00:00+00:00,9.9106
1995-10-19 00:00:00+00:00,9.278
1995-10-19 03:00:00+00:00,8.3176
1995-10-19 06:00:00+00:00,8.1754
1995-10-19 09:00:00+00:00,8.869
1995-10-19 12:00:00+00:00,8.9714
1995-10-19 15:00:00+00:00,8.6989
1995-10-19 18:00:00+00:00,8.7252
1995-10-19 21:00:00+00:00,9.0461
1995-10-20 00:00:00+00:00,9.6134
1995-10-20 03:00:00+00:00,9.4766
1995-10-20 06:00:00+00:00,9.2843
1995-10-20 09:00:00+00:00,9.1554
1995-10-20 12:00:00+00:00,7.6214
1995-10-20 15:00:00+00:00,6.9069
1995-10-20 18:00:00+00:00,6.4222
1995-10-20 21:00:00+00:00,7.272
1995-10-21 00:00:00+00:00,8.1374
1995-10-21 03:00:00+00:00,9.1563
1995-10-21 06:00:00+00:00,9.625
1995-10-21 09:00:00+00:00,9.9758
1995-10-21 12:00:00+00:00,10.4603
1995-10-21 15:00:00+00:00,10.6448
1995-10-21 18:00:00+00:00,10.7647
1995-10-21 21:00:00+00:00,11.1992
1995-10-22 00:00:00+00:00,11.2526
1995-10-22 03:00:00+00:00,11.1352
1995-10-22 06:00:00+00:00,11.104
1995-10-22 09:00:00+00:00,11.0854
1995-10-22 12:00:00+00:00,10.9547
1995-10-22 15:00:00+00:00,10.7758
1995-10-22 18:00:00+00:00,10.5724
1995-10-22 21:00:00+00:00,10.314
1995-10-23 00:00:00+00:00,10.0288
1995-10-23 03:00:00+00:00,9.7603
1995-10-23 06:00:00+00:00,9.4668
1995-10-23 09:00:00+00:00,9.1055
1995-10-23 12:00:00+00:00,8.74
1995-10-23 15:00:00+00:00,8.6557
1995-10-23 18:00:00+00:00,8.9303
1995-10-23 21:00:00+00:00,9.2057
1995-10-24 00:00:00+00:00,9.3698
1995-10-24 03:00:00+00:00,9.7436
1995-10-24 06:00:00+00:00,11.2556
1995-10-24 09:00:00+00:00,12.6929
1995-10-24 12:00:00+00:00,12.8608
1995-10-24 15:00:00+00:00,12.74
1995-10-24 18:00:00+00:00,12.4211
1995-10-24 21:00:00+00:00,12.0037
1995-10-25 00:00:00+00:00,11.6347
1995-10-25 03:00:00+00:00,11.2283
1995-10-25 06:00:00+00:00,10.8611
1995-10-25 09:00:00+00:00,10.5507
1995-10-25 12:00:00+00:00,10.1797
1995-10-25 15:00:00+00:00,8.6795
1995-10-25 18:00:00+00:00,6.2775
1995-10-25 21:00:00+00:00,5.7385
1995-10-26 00:00:00+00:00,6.6685
1995-10-26 03:00:00+00:00,7.4223
1995-10-26 06:00:00+00:00,8.0206
1995-10-26 09:00:00+00:00,8.5582
1995-10-26 12:00:00+00:00,8.9821
1995-10-26 15:00:00+00:00,9.3309
1995-10-26 18:00:00+00:00,9.5798
1995-10-26 21:00:00+00:00,9.7054
1995-10-27 00:00:00+00:00,9.7213
1995-10-27 03:00:00+00:00,9.7012
1995-10-27 06:00:00+00:00,9.753
1995-10-27 09:00:00+00:00,9.9656
1995-10-27 12:00:00+00:00,10.3131
1995-10-27 15:00:00+00:00,10.7769
1995-10-27 18:00:00+00:00,11.3322
1995-10-27 21:00:00+00:00,11.7209
1995-10-28 00:00:00+00:00,11.76
1995-10-28 03:00:00+00:00,11.5289
1995-10-28 06:00:00+00:00,10.9232
1995-10-28 09:00:00+00:00,10.6145
1995-10-28 12:00:00+00:00,10.3678
1995-10-28 15:00:00+00:00,9.8207
1995-10-28 18:00:00+00:00,9.4663
1995-10-28 21:00:00+00:00,9.1971
1995-10-29 00:00:00+00:00,8.2486
1995-10-29 03:00:00+00:00,7.4266
1995-10-29 06:00:00+00:00,7.1957
1995-10-29 09:00:00+00:00,7.2531
1995-10-29 12:00:00+00:00,7.1657
1995-10-29 15:00:00+00:00,7.0271
1995-10-29 18:00:00+00:00,7.2447
1995-10-29 21:00:00+00:00,7.1564
1995-10-30 00:00:00+00:00,6.8152
1995-10-30 03:00:00+00:00,6.1867
1995-10-30 06:00:00+00:00,6.4093
1995-10-30 09:00:00+00:00,6.5498
1995-10-30 12:00:00+00:00,6.4441
1995-10-30 15:00:00+00:00,6.0465
1995-10-30 18:00:00+00:00,5.9889
1995-10-30 21:00:00+00:00,6.4478
1995-10-31 00:00:00+00:00,6.8992
1995-10-31 03:00:00+00:00,7.0544
1995-10-31 06:00:00+00:00,6.981
1995-10-31 09:00:00+00:00,7.1673
1995-10-31 12:00:00+00:00,7.3145
1995-10-31 15:00:00+00:00,7.4191
1995-10-31 18:00:00+00:00,7.6616
1995-10-31 21:00:00+00:00,7.8233
1995-11-01 00:00:00+00:00,7.1189
1995-11-01 03:00:00+00:00,6.7254
1995-11-01 06:00:00+00:00,6.961
1995-11-01 09:00:00+00:00,7.2241
1995-11-01 12:00:00+00:00,7.2124
1995-11-01 15:00:00+00:00,7.5935
1995-11-01 18:00:00+00:00,8.1744
1995-11-01 21:00:00+00:00,8.9636
1995-11-02 00:00:00+00:00,9.6963
1995-11-02 03:00:00+00:00,9.5112
1995-11-02 06:00:00+00:00,9.3798
1995-11-02 09:00:00+00:00,9.435
1995-11-02 12:00:00+00:00,9.37
1995-11-02 15:00:00+00:00,8.8652
1995-11-02 18:00:00+00:00,8.7099
1995-11-02 21:00:00+00:00,7.4044
1995-11-03 00:00:00+00:00,6.1262
1995-11-03 03:00:00+00:00,6.0163
1995-11-03 06:00:00+00:00,6.044
1995-11-03 09:00:00+00:00,6.0342
1995-11-03 12:00:00+00:00,6.4817
1995-11-03 15:00:00+00:00,7.0153
1995-11-03 18:00:00+00:00,7.4817
1995-11-03 21:00:00+00:00,7.8311
1995-11-04 00:00:00+00:00,7.5027
1995-11-04 03:00:00+00:00,6.9864
1995-11-04 06:00:00+00:00,7.362
1995-11-04 09:00:00+00:00,7.792
1995-11-04 12:00:00+00:00,8.0138
1995-11-04 15:00:00+00:00,8.1523
1995-11-04 18:00:00+00:00,8.2518
1995-11-04 21:00:00+00:00,8.0338
1995-11-05 00:00:00+00:00,5.5454
1995-11-05 03:00:00+00:00,5.6744
1995-11-05 06:00:00+00:00,8.4917
1995-11-05 09:00:00+00:00,11.5416
1995-11-05 12:00:00+00:00,12.9675
1995-11-05 15:00:00+00:00,13.5273
1995-11-05 18:00:00+00:00,13.5413
1995-11-05 21:00:00+00:00,13.0245
1995-11-06 00:00:00+00:00,11.6945
1995-11-06 03:00:00+00:00,10.7999
1995-11-06 06:00:00+00:00,10.4109
1995-11-06 09:00:00+00:00,10.466
1995-11-06 12:00:00+00:00,10.461
1995-11-06 15:00:00+00:00,10.4748
1995-11-06 18:00:00+00:00,10.4689
1995-11-06 21:00:00+00:00,10.4176
1995-11-07 00:00:00+00:00,9.0293
1995-11-07 03:00:00+00:00,7.2934
1995-11-07 06:00:00+00:00,7.3824
1995-11-07 09:00:00+00:00,7.4556
1995-11-07 12:00:00+00:00,7.416
1995-11-07 15:00:00+00:00,7.1546
1995-11-07 18:00:00+00:00,7.0053
1995-11-07 21:00:00+00:00,6.8669
1995-11-08 00:00:00+00:00,6.5581
1995-11-08 03:00:00+00:00,6.5638
1995-11-08 06:00:00+00:00,6.6221
1995-11-08 09:00:00+00:00,6.6789
1995-11-08 12:00:00+00:00,6.8168
1995-11-08 15:00:00+00:00,7.2858
1995-11-08 18:00:00+00:00,7.8417
1995-11-08 21:00:00+00:00,7.9564
1995-11-09 00:00:00+00:00,8.4819
1995-11-09 03:00:00+00:00,8.6815
1995-11-09 06:00:00+00:00,8.8843
1995-11-09 09:00:00+00:00,8.9535
1995-11-09 12:00:00+00:00,8.9788
1995-11-09 15:00:00+00:00,8.9594
1995-11-09 18:00:00+00:00,8.8815
1995-11-09 21:00:00+00:00,8.6311
1995-11-10 00:00:00+00:00,8.2209
1995-11-10 03:00:00+00:00,7.9256
1995-11-10 06:00:00+00:00,7.9164
1995-11-10 09:00:00+00:00,8.2618
1995-11-10 12:00:00+00:00,8.4176
1995-11-10 15:00:00+00:00,8.0136
1995-11-10 18:00:00+00:00,5.9332
1995-11-10 21:00:00+00:00,5.8166
1995-11-11 00:00:00+00:00,6.1811
1995-11-11 03:00:00+00:00,6.3806
1995-11-11 06:00:00+00:00,6.4944
1995-11-11 09:00:00+00:00,6.8366
1995-11-11 12:00:00+00:00,7.2516
1995-11-11 15:00:00+00:00,8.1772
1995-11-11 18:00:00+00:00,8.5989
1995-11-11 21:00:00+00:00,9.3111
1995-11-12 00:00:00+00:00,10.8325
1995-11-12 03:00:00+00:00,12.2074
1995-11-12 06:00:00+00:00,12.5699
1995-11-12 09:00:00+00:00,12.4672
1995-11-12 12:00:00+00:00,12.2554
1995-11-12 15:00:00+00:00,12.0525
1995-11-12 18:00:00+00:00,11.8125
1995-11-12 21:00:00+00:00,11.4799
1995-11-13 00:00:00+00:00,11.1165
1995-11-13 03:00:00+00:00,10.7688
1995-11-13 06:00:00+00:00,8.1586
1995-11-13 09:00:00+00:00,7.4294
1995-11-13 12:00:00+00:00,7.2788
1995-11-13 15:00:00+00:00,7.6571
1995-11-13 18:00:00+00:00,7.7965
1995-11-13 21:00:00+00:00,7.8142
1995-11-14 00:00:00+00:00,7.9137
1995-11-14 03:00:00+00:00,8.3669
1995-11-14 06:00:00+00:00,8.6445
1995-11-14 09:00:00+00:00,8.7867
1995-11-14 12:00:00+00:00,8.7972
1995-11-14 15:00:00+00:00,8.8207
1995-11-14 18:00:00+00:00,8.924
1995-11-14 21:00:00+00:00,8.9998
1995-11-15 00:00:00+00:00,8.9645
1995-11-15 03:00:00+00:00,8.1696
1995-11-15 06:00:00+00:00,7.2804
1995-11-15 09:00:00+00:00,6.4632
1995-11-15 12:00:00+00:00,6.1519
1995-11-15 15:00:00+00:00,6.4852
1995-11-15 18:00:00+00:00,7.2734
1995-11-15 21:00:00+00:00,9.1721
1995-11-16 00:00:00+00:00,10.1431
1995-11-16 03:00:00+00:00,10.461
1995-11-16 06:00:00+00:00,10.4327
1995-11-16 09:00:00+00:00,10.4696
1995-11-16 12:00:00+00:00,10.5975
1995-11-16 15:00:00+00:00,10.4693
1995-11-16 18:00:00+00:00,9.796
1995-11-16 21:00:00+00:00,9.1675
1995-11-17 00:00:00+00:00,7.8626
1995-11-17 03:00:00+00:00,7.6687
1995-11-17 06:00:00+00:00,7.2508
1995-11-17 09:00:00+00:00,7.2356
1995-11-17 12:00:00+00:00,7.0032
1995-11-17 15:00:00+00:00,6.8585
1995-11-17 18:00:00+00:00,6.835
1995-11-17 21:00:00+00:00,7.3028
1995-11-18 00:00:00+00:00,7.8864
1995-11-18 03:00:00+00:00,9.6567
1995-11-18 06:00:00+00:00,9.8738
1995-11-18 09:00:00+00:00,10.0633
1995-11-18 12:00:00+00:00,10.2432
1995-11-18 15:00:00+00:00,10.2598
1995-11-18 18:00:00+00:00,10.1889
1995-11-18 21:00:00+00:00,10.0575
1995-11-19 00:00:00+00:00,9.894
1995-11-19 03:00:00+00:00,9.7368
1995-11-19 06:00:00+00:00,9.5714
1995-11-19 09:00:00+00:00,9.413
1995-11-19 12:00:00+00:00,9.3194
1995-11-19 15:00:00+00:00,9.2818
1995-11-19 18:00:00+00:00,9.2529
1995-11-19 21:00:00+00:00,9.1922
1995-11-20 00:00:00+00:00,9.0877
1995-11-20 03:00:00+00:00,8.968
1995-11-20 06:00:00+00:00,8.8194
1995-11-20 09:00:00+00:00,8.6709
1995-11-20 12:00:00+00:00,8.6106
1995-11-20 15:00:00+00:00,8.6636
1995-11-20 18:00:00+00:00,8.298
1995-11-20 21:00:00+00:00,7.2331
1995-11-21 00:00:00+00:00,6.5321
1995-11-21 03:00:00+00:00,9.4239
1995-11-21 06:00:00+00:00,9.4421
1995-11-21 09:00:00+00:00,9.9818
1995-11-21 12:00:00+00:00,9.6639
1995-11-21 15:00:00+00:00,8.9573
1995-11-21 18:00:00+00:00,8.1784
1995-11-21 21:00:00+00:00,8.4501
1995-11-22 00:00:00+00:00,7.7673
1995-11-22 03:00:00+00:00,7.6608
1995-11-22 06:00:00+00:00,7.7422
1995-11-22 09:00:00+00:00,7.1475
1995-11-22 12:00:00+00:00,6.7975
1995-11-22 15:00:00+00:00,6.9557
1995-11-22 18:00:00+00:00,6.6878
1995-11-22 21:00:00+00:00,6.6776
1995-11-23 00:00:00+00:00,6.9797
1995-11-23 03:00:00+00:00,7.5739
1995-11-23 06:00:00+00:00,8.0044
1995-11-23 09:00:00+00:00,8.4632
1995-11-23 12:00:00+00:00,8.6709
1995-11-23 15:00:00+00:00,8.4452
1995-11-23 18:00:00+00:00,8.4582
1995-11-23 21:00:00+00:00,8.7984
1995-11-24 00:00:00+00:00,8.88
1995-11-24 03:00:00+00:00,8.6974
1995-11-24 06:00:00+00:00,8.5239
1995-11-24 09:00:00+00:00,8.1956
1995-11-24 12:00:00+00:00,8.0132
1995-11-24 15:00:00+00:00,7.9406
1995-11-24 18:00:00+00:00,7.8938
1995-11-24 21:00:00+00:00,7.8926
1995-11-25 00:00:00+00:00,7.7308
1995-11-25 03:00:00+00:00,7.6398
1995-11-25 06:00:00+00:00,8.3834
1995-11-25 09:00:00+00:00,8.965
1995-11-25 12:00:00+00:00,9.0768
1995-11-25 15:00:00+00:00,8.8855
1995-11-25 18:00:00+00:00,8.8865
1995-11-25 21:00:00+00:00,9.4827
1995-11-26 00:00:00+00:00,9.931
1995-11-26 03:00:00+00:00,9.7241
1995-11-26 06:00:00+00:00,9.5273
1995-11-26 09:00:00+00:00,9.2261
1995-11-26 12:00:00+00:00,8.7242
1995-11-26 15:00:00+00:00,9.1441
1995-11-26 18:00:00+00:00,9.5212
1995-11-26 21:00:00+00:00,9.5442
1995-11-27 00:00:00+00:00,9.0119
1995-11-27 03:00:00+00:00,8.98
1995-11-27 06:00:00+00:00,9.1273
1995-11-27 09:00:00+00:00,9.068
1995-11-27 12:00:00+00:00,8.9432
1995-11-27 15:00:00+00:00,8.3351
1995-11-27 18:00:00+00:00,6.1931
1995-11-27 21:00:00+00:00,6.4842
1995-11-28 00:00:00+00:00,7.6993
1995-11-28 03:00:00+00:00,8.1063
1995-11-28 06:00:00+00:00,8.0747
1995-11-28 09:00:00+00:00,8.1562
1995-11-28 12:00:00+00:00,7.9217
1995-11-28 15:00:00+00:00,7.4527
1995-11-28 18:00:00+00:00,7.1193
1995-11-28 21:00:00+00:00,7.054
1995-11-29 00:00:00+00:00,7.1007
1995-11-29 03:00:00+00:00,7.088
1995-11-29 06:00:00+00:00,6.8372
1995-11-29 09:00:00+00:00,6.7778
1995-11-29 12:00:00+00:00,6.8853
1995-11-29 15:00:00+00:00,7.127
1995-11-29 18:00:00+00:00,7.7539
1995-11-29 21:00:00+00:00,7.8836
1995-11-30 00:00:00+00:00,8.277
1995-11-30 03:00:00+00:00,8.4215
1995-11-30 06:00:00+00:00,8.8149
1995-11-30 09:00:00+00:00,9.1603
1995-11-30 12:00:00+00:00,9.2439
1995-11-30 15:00:00+00:00,9.0208
1995-11-30 18:00:00+00:00,9.2874
1995-11-30 21:00:00+00:00,9.4272
1995-12-01 00:00:00+00:00,9.3751
1995-12-01 03:00:00+00:00,8.8817
1995-12-01 06:00:00+00:00,8.2706
1995-12-01 09:00:00+00:00,7.5872
1995-12-01 12:00:00+00:00,8.1024
1995-12-01 15:00:00+00:00,8.4849
1995-12-01 18:00:00+00:00,8.4584
1995-12-01 21:00:00+00:00,7.7484
1995-12-02 00:00:00+00:00,6.993
1995-12-02 03:00:00+00:00,6.7606
1995-12-02 06:00:00+00:00,6.6779
1995-12-02 09:00:00+00:00,6.8692
1995-12-02 12:00:00+00:00,7.4979
1995-12-02 15:00:00+00:00,8.5031
1995-12-02 18:00:00+00:00,9.177
1995-12-02 21:00:00+00:00,9.6555
1995-12-03 00:00:00+00:00,10.0573
1995-12-03 03:00:00+00:00,10.4175
1995-12-03 06:00:00+00:00,10.7252
1995-12-03 09:00:00+00:00,10.9109
1995-12-03 12:00:00+00:00,10.9234
1995-12-03 15:00:00+00:00,10.8184
1995-12-03 18:00:00+00:00,9.5387
1995-12-03 21:00:00+00:00,6.7009
1995-12-04 00:00:00+00:00,7.5784
1995-12-04 03:00:00+00:00,9.0619
1995-12-04 06:00:00+00:00,8.8698
1995-12-04 09:00:00+00:00,8.2225
1995-12-04 12:00:00+00:00,8.7206
1995-12-04 15:00:00+00:00,9.454
1995-12-04 18:00:00+00:00,9.9308
1995-12-04 21:00:00+00:00,10.0901
1995-12-05 00:00:00+00:00,10.1101
1995-12-05 03:00:00+00:00,10.15
1995-12-05 06:00:00+00:00,10.2383
1995-12-05 09:00:00+00:00,10.2819
1995-12-05 12:00:00+00:00,10.2187
1995-12-05 15:00:00+00:00,10.0802
1995-12-05 18:00:00+00:00,9.8925
1995-12-05 21:00:00+00:00,9.4349
1995-12-06 00:00:00+00:00,8.9319
1995-12-06 03:00:00+00:00,8.7393
1995-12-06 06:00:00+00:00,8.6458
1995-12-06 09:00:00+00:00,8.5903
1995-12-06 12:00:00+00:00,8.5492
1995-12-06 15:00:00+00:00,8.496
1995-12-06 18:00:00+00:00,8.4345
1995-12-06 21:00:00+00:00,8.4175
1995-12-07 00:00:00+00:00,8.6201
1995-12-07 03:00:00+00:00,8.9744
1995-12-07 06:00:00+00:00,9.1849
1995-12-07 09:00:00+00:00,9.2448
1995-12-07 12:00:00+00:00,9.2375
1995-12-07 15:00:00+00:00,9.1798
1995-12-07 18:00:00+00:00,9.0564
1995-12-07 21:00:00+00:00,8.8234
1995-12-08 00:00:00+00:00,8.7246
1995-12-08 03:00:00+00:00,8.6888
1995-12-08 06:00:00+00:00,8.5196
1995-12-08 09:00:00+00:00,8.1974
1995-12-08 12:00:00+00:00,6.2085
1995-12-08 15:00:00+00:00,6.5496
1995-12-08 18:00:00+00:00,6.46
1995-12-08 21:00:00+00:00,6.3332
1995-12-09 00:00:00+00:00,6.0254
1995-12-09 03:00:00+00:00,5.6583
1995-12-09 06:00:00+00:00,6.3355
1995-12-09 09:00:00+00:00,6.6281
1995-12-09 12:00:00+00:00,6.304
1995-12-09 15:00:00+00:00,6.2676
1995-12-09 18:00:00+00:00,6.4342
1995-12-09 21:00:00+00:00,6.6373
1995-12-10 00:00:00+00:00,7.0004
1995-12-10 03:00:00+00:00,6.9883
1995-12-10 06:00:00+00:00,6.8063
1995-12-10 09:00:00+00:00,7.3708
1995-12-10 12:00:00+00:00,7.6894
1995-12-10 15:00:00+00:00,8.5709
1995-12-10 18:00:00+00:00,8.9844
1995-12-10 21:00:00+00:00,10.3946
1995-12-11 00:00:00+00:00,10.3064
1995-12-11 03:00:00+00:00,9.8217
1995-12-11 06:00:00+00:00,9.4254
1995-12-11 09:00:00+00:00,9.518
1995-12-11 12:00:00+00:00,9.5044
1995-12-11 15:00:00+00:00,9.4096
1995-12-11 18:00:00+00:00,8.2589
1995-12-11 21:00:00+00:00,9.5846
1995-12-12 00:00:00+00:00,9.9873
1995-12-12 03:00:00+00:00,10.4798
1995-12-12 06:00:00+00:00,10.9955
1995-12-12 09:00:00+00:00,11.2117
1995-12-12 12:00:00+00:00,9.0279
1995-12-12 15:00:00+00:00,8.7376
1995-12-12 18:00:00+00:00,9.797
1995-12-12 21:00:00+00:00,10.8313
1995-12-13 00:00:00+00:00,11.4111
1995-12-13 03:00:00+00:00,12.2766
1995-12-13 06:00:00+00:00,12.5453
1995-12-13 09:00:00+00:00,12.5158
1995-12-13 12:00:00+00:00,12.3655
1995-12-13 15:00:00+00:00,12.026
1995-12-13 18:00:00+00:00,11.8193
1995-12-13 21:00:00+00:00,11.2143
1995-12-14 00:00:00+00:00,11.1334
1995-12-14 03:00:00+00:00,10.8321
1995-12-14 06:00:00+00:00,9.5154
1995-12-14 09:00:00+00:00,8.8454
1995-12-14 12:00:00+00:00,8.6289
1995-12-14 15:00:00+00:00,9.6098
1995-12-14 18:00:00+00:00,10.5653
1995-12-14 21:00:00+00:00,10.7304
1995-12-15 00:00:00+00:00,11.1663
1995-12-15 03:00:00+00:00,11.2495
1995-12-15 06:00:00+00:00,11.7607
1995-12-15 09:00:00+00:00,11.8925
1995-12-15 12:00:00+00:00,11.8193
1995-12-15 15:00:00+00:00,11.7334
1995-12-15 18:00:00+00:00,11.6186
1995-12-15 21:00:00+00:00,11.475
1995-12-16 00:00:00+00:00,11.3076
1995-12-16 03:00:00+00:00,11.1288
1995-12-16 06:00:00+00:00,10.9671
1995-12-16 09:00:00+00:00,10.8505
1995-12-16 12:00:00+00:00,10.7616
1995-12-16 15:00:00+00:00,10.6569
1995-12-16 18:00:00+00:00,9.7777
1995-12-16 21:00:00+00:00,8.5682
1995-12-17 00:00:00+00:00,7.6804
1995-12-17 03:00:00+00:00,7.476
1995-12-17 06:00:00+00:00,7.5726
1995-12-17 09:00:00+00:00,8.0349
1995-12-17 12:00:00+00:00,7.3802
1995-12-17 15:00:00+00:00,7.5414
1995-12-17 18:00:00+00:00,7.1688
1995-12-17 21:00:00+00:00,7.274
1995-12-18 00:00:00+00:00,7.3529
1995-12-18 03:00:00+00:00,7.8697
1995-12-18 06:00:00+00:00,8.7754
1995-12-18 09:00:00+00:00,9.7552
1995-12-18 12:00:00+00:00,10.6837
1995-12-18 15:00:00+00:00,11.3951
1995-12-18 18:00:00+00:00,12.1506
1995-12-18 21:00:00+00:00,12.5763
1995-12-19 00:00:00+00:00,12.6299
1995-12-19 03:00:00+00:00,12.5062
1995-12-19 06:00:00+00:00,12.3021
1995-12-19 09:00:00+00:00,12.0556
1995-12-19 12:00:00+00:00,11.8023
1995-12-19 15:00:00+00:00,11.5604
1995-12-19 18:00:00+00:00,11.321
1995-12-19 21:00:00+00:00,11.1536
1995-12-20 00:00:00+00:00,11.2888
1995-12-20 03:00:00+00:00,11.6853
1995-12-20 06:00:00+00:00,11.9682
1995-12-20 09:00:00+00:00,12.1597
1995-12-20 12:00:00+00:00,12.341
1995-12-20 15:00:00+00:00,12.5363
1995-12-20 18:00:00+00:00,12.6969
1995-12-20 21:00:00+00:00,12.8653
1995-12-21 00:00:00+00:00,12.9041
1995-12-21 03:00:00+00:00,12.7716
1995-12-21 06:00:00+00:00,12.6343
1995-12-21 09:00:00+00:00,12.4704
1995-12-21 12:00:00+00:00,12.0901
1995-12-21 15:00:00+00:00,10.662
1995-12-21 18:00:00+00:00,10.7033
1995-12-21 21:00:00+00:00,10.7493
1995-12-22 00:00:00+00:00,10.3347
1995-12-22 03:00:00+00:00,8.9125
1995-12-22 06:00:00+00:00,8.9124
1995-12-22 09:00:00+00:00,9.0975
1995-12-22 12:00:00+00:00,9.0938
1995-12-22 15:00:00+00:00,9.571
1995-12-22 18:00:00+00:00,9.8088
1995-12-22 21:00:00+00:00,10.6188
1995-12-23 00:00:00+00:00,11.0321
1995-12-23 03:00:00+00:00,11.2937
1995-12-23 06:00:00+00:00,11.3324
1995-12-23 09:00:00+00:00,11.2737
1995-12-23 12:00:00+00:00,11.0323
1995-12-23 15:00:00+00:00,9.4304
1995-12-23 18:00:00+00:00,9.3946
1995-12-23 21:00:00+00:00,9.5385
1995-12-24 00:00:00+00:00,10.2826
1995-12-24 03:00:00+00:00,11.7889
1995-12-24 06:00:00+00:00,11.233
1995-12-24 09:00:00+00:00,13.0096
1995-12-24 12:00:00+00:00,13.102
1995-12-24 15:00:00+00:00,13.4821
1995-12-24 18:00:00+00:00,13.6099
1995-12-24 21:00:00+00:00,13.5456
1995-12-25 00:00:00+00:00,13.473
1995-12-25 03:00:00+00:00,13.3851
1995-12-25 06:00:00+00:00,13.2655
1995-12-25 09:00:00+00:00,13.0967
1995-12-25 12:00:00+00:00,12.7508
1995-12-25 15:00:00+00:00,11.6811
1995-12-25 18:00:00+00:00,11.5766
1995-12-25 21:00:00+00:00,11.9043
1995-12-26 00:00:00+00:00,11.7145
1995-12-26 03:00:00+00:00,11.4687
1995-12-26 06:00:00+00:00,11.0937
1995-12-26 09:00:00+00:00,8.5567
1995-12-26 12:00:00+00:00,8.8934
1995-12-26 15:00:00+00:00,9.6394
1995-12-26 18:00:00+00:00,10.2443
1995-12-26 21:00:00+00:00,11.5036
1995-12-27 00:00:00+00:00,12.1625
1995-12-27 03:00:00+00:00,12.4396
1995-12-27 06:00:00+00:00,12.4729
1995-12-27 09:00:00+00:00,12.4567
1995-12-27 12:00:00+00:00,12.2669
1995-12-27 15:00:00+00:00,12.1957
1995-12-27 18:00:00+00:00,11.7197
1995-12-27 21:00:00+00:00,11.4389
1995-12-28 00:00:00+00:00,10.8895
1995-12-28 03:00:00+00:00,9.6808
1995-12-28 06:00:00+00:00,9.375
1995-12-28 09:00:00+00:00,9.5923
1995-12-28 12:00:00+00:00,9.0405
1995-12-28 15:00:00+00:00,8.7127
1995-12-28 18:00:00+00:00,7.8232
1995-12-28 21:00:00+00:00,7.761
1995-12-29 00:00:00+00:00,7.5309
1995-12-29 03:00:00+00:00,7.6223
1995-12-29 06:00:00+00:00,8.3798
1995-12-29 09:00:00+00:00,8.7828
1995-12-29 12:00:00+00:00,9.9766
1995-12-29 15:00:00+00:00,10.5575
1995-12-29 18:00:00+00:00,10.9285
1995-12-29 21:00:00+00:00,11.204
1995-12-30 00:00:00+00:00,11.4977
1995-12-30 03:00:00+00:00,11.7593
1995-12-30 06:00:00+00:00,11.8565
1995-12-30 09:00:00+00:00,12.0393
1995-12-30 12:00:00+00:00,12.2857
1995-12-30 15:00:00+00:00,12.5057
1995-12-30 18:00:00+00:00,9.0265
1995-12-30 21:00:00+00:00,8.9202
1995-12-31 00:00:00+00:00,9.5958
1995-12-31 03:00:00+00:00,9.4687
1995-12-31 06:00:00+00:00,9.4347
1995-12-31 09:00:00+00:00,9.379
1995-12-31 12:00:00+00:00,9.7144
1995-12-31 15:00:00+00:00,10.7133
1995-12-31 18:00:00+00:00,11.6325
1995-12-31 21:00:00+00:00,12.2734
